,Longitude,Latitude,District,Neighbourhood,Number of Fatalities,Year,Vehicle Type,Date,Hour,Median Income,Population
0,-79.22759,43.816245,Scarborough,Agincourt/Malvern,2.0,2012.0,Other,2012-01-12T05:00:00.000Z,5.0,68108.0,96664.0
1,-79.263774,43.801421000000005,Scarborough,Agincourt/Malvern,57.0,2015.0, ,2015-11-24T05:00:00.000Z,6.0,68108.0,96664.0
2,-79.20087,43.805159,Scarborough,Agincourt/Malvern,49.0,2015.0,"Automobile, Station Wagon",2015-10-06T04:00:00.000Z,6.0,68108.0,96664.0
3,-79.22429,43.816945000000004,Scarborough,Agincourt/Malvern,36.0,2009.0,Other,2009-10-23T04:00:00.000Z,7.0,68108.0,96664.0
4,-79.289455,43.78575,Scarborough,Agincourt/Malvern,24.0,2014.0, ,2014-08-16T04:00:00.000Z,5.0,68108.0,96664.0
5,-79.29066800000001,43.81116,Scarborough,Agincourt/Malvern,77.0,2016.0, ,2016-12-13T05:00:00.000Z,14.0,68108.0,96664.0
6,-79.28489,43.800545,Scarborough,Agincourt/Malvern,23.0,2011.0,"Automobile, Station Wagon",2011-09-01T04:00:00.000Z,15.0,68108.0,96664.0
7,-79.24006999999999,43.793504999999996,Scarborough,Agincourt/Malvern,27.0,2017.0, ,2017-06-13T04:00:00.000Z,16.0,68108.0,96664.0
8,-79.24306800000001,43.81296,Scarborough,Agincourt/Malvern,8.0,2015.0, ,2015-03-04T05:00:00.000Z,16.0,68108.0,96664.0
9,-79.263789,43.801444000000004,Scarborough,Agincourt/Malvern,24.0,2013.0, ,2013-07-08T04:00:00.000Z,17.0,68108.0,96664.0
10,-79.26992299999999,43.790507,Scarborough,Agincourt/Malvern,2.0,2018.0, ,2018-01-02T05:00:00.000Z,17.0,68108.0,96664.0
11,-79.21767,43.798106,Scarborough,Agincourt/Malvern,18.0,2014.0,Bicycle,2014-08-01T04:00:00.000Z,17.0,68108.0,96664.0
12,-79.22759599999999,43.816252,Scarborough,Agincourt/Malvern,48.0,2014.0, ,2014-12-19T05:00:00.000Z,17.0,68108.0,96664.0
13,-79.240093,43.788844,Scarborough,Agincourt/Malvern,38.0,2013.0, ,2013-09-05T04:00:00.000Z,18.0,68108.0,96664.0
14,-79.255756,43.783583,Scarborough,Agincourt/Malvern,42.0,2016.0,Motorcycle,2016-07-06T04:00:00.000Z,18.0,68108.0,96664.0
15,-79.215091,43.818743,Scarborough,Agincourt/Malvern,1.0,2013.0,"Automobile, Station Wagon",2013-01-10T05:00:00.000Z,18.0,68108.0,96664.0
16,-79.24249,43.793045,Scarborough,Agincourt/Malvern,24.0,2009.0,Other,2009-06-30T04:00:00.000Z,19.0,68108.0,96664.0
17,-79.19909,43.800245000000004,Scarborough,Agincourt/Malvern,12.0,2012.0,Other,2012-04-21T04:00:00.000Z,20.0,68108.0,96664.0
18,-79.284488,43.792746,Scarborough,Agincourt/Malvern,18.0,2013.0,Motorcycle,2013-07-03T04:00:00.000Z,21.0,68108.0,96664.0
19,-79.21289,43.799145,Scarborough,Agincourt/Malvern,6.0,2011.0,Other,2011-03-24T04:00:00.000Z,22.0,68108.0,96664.0
20,-79.213535,43.814105,Scarborough,Agincourt/Malvern,20.0,2018.0,"Automobile, Station Wagon",2018-04-21T04:00:00.000Z,23.0,68108.0,96664.0
21,-79.27089000000001,43.780945,Scarborough,Agincourt/Malvern,27.0,2012.0,"Automobile, Station Wagon",2012-08-25T04:00:00.000Z,23.0,68108.0,96664.0
22,-79.211665,43.816607,Scarborough,Agincourt/Malvern,21.0,2017.0, ,2017-05-05T04:00:00.000Z,23.0,68108.0,96664.0
23,-79.25768599999999,43.809844,Scarborough,Agincourt/Malvern,32.0,2013.0, ,2013-08-18T04:00:00.000Z,10.0,68108.0,96664.0
24,-79.19929,43.800745,Scarborough,Agincourt/Malvern,10.0,2012.0,"Automobile, Station Wagon",2012-04-19T04:00:00.000Z,12.0,68108.0,96664.0
25,-79.447742,43.637614,Toronto and East York,South Parkdale/King West,58.0,2013.0,"Automobile, Station Wagon",2013-11-29T05:00:00.000Z,5.0,63425.0,53029.0
26,-79.423999,43.640547,Toronto and East York,South Parkdale/King West,17.0,2013.0,"Automobile, Station Wagon",2013-06-16T04:00:00.000Z,6.0,63425.0,53029.0
27,-79.43804499999999,43.634032,Toronto and East York,South Parkdale/King West,46.0,2013.0, ,2013-09-30T04:00:00.000Z,8.0,63425.0,53029.0
28,-79.431827,43.63795,Toronto and East York,South Parkdale/King West,50.0,2017.0,Bicycle,2017-10-18T04:00:00.000Z,9.0,63425.0,53029.0
29,-79.44399,43.636445,Toronto and East York,South Parkdale/King West,51.0,2008.0,Other,2008-11-03T05:00:00.000Z,9.0,63425.0,53029.0
30,-79.40189000000001,43.636045,Toronto and East York,South Parkdale/King West,28.0,2008.0,"Automobile, Station Wagon",2008-06-27T04:00:00.000Z,0.0,63425.0,53029.0
31,-79.470248,43.634787,Toronto and East York,South Parkdale/King West,31.0,2012.0,Motorcycle,2012-09-14T04:00:00.000Z,1.0,63425.0,53029.0
32,-79.429286,43.632643,Toronto and East York,South Parkdale/King West,5.0,2012.0,Other,2012-02-06T05:00:00.000Z,2.0,63425.0,53029.0
33,-79.435222,43.633078000000005,Toronto and East York,South Parkdale/King West,68.0,2016.0,"Automobile, Station Wagon",2016-10-31T04:00:00.000Z,2.0,63425.0,53029.0
34,-79.472667,43.633497999999996,Toronto and East York,South Parkdale/King West,9.0,2017.0,"Automobile, Station Wagon",2017-01-29T05:00:00.000Z,3.0,63425.0,53029.0
35,-79.458881,43.637709,Toronto and East York,South Parkdale/King West,30.0,2018.0,Bicycle,2018-05-15T04:00:00.000Z,15.0,63425.0,53029.0
36,-79.436572,43.637053,Toronto and East York,South Parkdale/King West,33.0,2014.0, ,2014-10-09T04:00:00.000Z,17.0,63425.0,53029.0
37,-79.44137099999999,43.635432,Toronto and East York,South Parkdale/King West,24.0,2017.0,Bicycle,2017-05-24T04:00:00.000Z,18.0,63425.0,53029.0
38,-79.44248499999999,43.639426,Toronto and East York,South Parkdale/King West,34.0,2013.0, ,2013-08-23T04:00:00.000Z,18.0,63425.0,53029.0
39,-79.427638,43.630686,Toronto and East York,South Parkdale/King West,28.0,2018.0,Motorcycle,2018-06-02T04:00:00.000Z,19.0,63425.0,53029.0
40,-79.43909000000001,43.634444,Toronto and East York,South Parkdale/King West,28.0,2013.0, ,2013-08-03T04:00:00.000Z,20.0,63425.0,53029.0
41,-79.434711,43.63745,Toronto and East York,South Parkdale/King West,29.0,2014.0, ,2014-09-22T04:00:00.000Z,20.0,63425.0,53029.0
42,-79.41212,43.637427,Toronto and East York,South Parkdale/King West,15.0,2015.0,Motorcycle,2015-04-01T04:00:00.000Z,23.0,63425.0,53029.0
43,-79.45899,43.637945,Toronto and East York,South Parkdale/King West,33.0,2010.0,Bicycle,2010-09-26T04:00:00.000Z,23.0,63425.0,53029.0
44,-79.466892,43.636344,Toronto and East York,South Parkdale/King West,44.0,2008.0,Motorcycle,2008-10-03T04:00:00.000Z,23.0,63425.0,53029.0
45,-79.435138,43.633349,Toronto and East York,South Parkdale/King West,42.0,2015.0,Motorcycle,2015-09-06T04:00:00.000Z,10.0,63425.0,53029.0
46,-79.259883,43.716772999999996,Scarborough,Clairlea-Birchmount,33.0,2018.0,Motorcycle,2018-06-14T04:00:00.000Z,5.0,68524.0,31340.0
47,-79.27699,43.702545,Scarborough,Clairlea-Birchmount,42.0,2009.0,Other,2009-11-24T05:00:00.000Z,6.0,68524.0,31340.0
48,-79.28869,43.704645,Scarborough,Clairlea-Birchmount,11.0,2010.0,Other,2010-02-18T05:00:00.000Z,0.0,68524.0,31340.0
49,-79.267062,43.708708,Scarborough,Clairlea-Birchmount,3.0,2014.0, ,2014-02-12T05:00:00.000Z,1.0,68524.0,31340.0
50,-79.297504,43.725642,Scarborough,Clairlea-Birchmount,67.0,2016.0,"Automobile, Station Wagon",2016-10-30T04:00:00.000Z,2.0,68524.0,31340.0
51,-79.260387,43.715674,Scarborough,Clairlea-Birchmount,38.0,2016.0, ,2016-06-17T04:00:00.000Z,3.0,68524.0,31340.0
52,-79.282733,43.716109,Scarborough,Clairlea-Birchmount,39.0,2018.0, ,2018-07-30T04:00:00.000Z,14.0,68524.0,31340.0
53,-79.30168499999999,43.722369,Scarborough,Clairlea-Birchmount,63.0,2013.0, ,2013-12-24T05:00:00.000Z,15.0,68524.0,31340.0
54,-79.302089,43.723372,Scarborough,Clairlea-Birchmount,36.0,2014.0,Bicycle,2014-10-28T04:00:00.000Z,15.0,68524.0,31340.0
55,-79.280689,43.729346,Scarborough,Clairlea-Birchmount,2.0,2013.0, ,2013-01-23T05:00:00.000Z,15.0,68524.0,31340.0
56,-79.26977099999999,43.711009000000004,Scarborough,Clairlea-Birchmount,45.0,2017.0, ,2017-09-28T04:00:00.000Z,16.0,68524.0,31340.0
57,-79.302089,43.723372,Scarborough,Clairlea-Birchmount,23.0,2014.0, ,2014-08-20T04:00:00.000Z,16.0,68524.0,31340.0
58,-79.25989,43.716845,Scarborough,Clairlea-Birchmount,40.0,2010.0,Other,2010-12-11T05:00:00.000Z,19.0,68524.0,31340.0
59,-79.285129,43.711141999999995,Scarborough,Clairlea-Birchmount,4.0,2014.0, ,2014-02-12T05:00:00.000Z,20.0,68524.0,31340.0
60,-79.302638,43.724711,Scarborough,Clairlea-Birchmount,12.0,2015.0, ,2015-03-27T04:00:00.000Z,20.0,68524.0,31340.0
61,-79.270191,43.711943,Scarborough,Clairlea-Birchmount,4.0,2013.0, ,2013-02-02T05:00:00.000Z,10.0,68524.0,31340.0
62,-79.31689,43.821345,Scarborough,Bayview Woods-Steeles/Hillcrest Village,16.0,2010.0,Other,2010-04-13T04:00:00.000Z,5.0,74082.0,21396.0
63,-79.33645200000001,43.816846999999996,Scarborough,Bayview Woods-Steeles/Hillcrest Village,52.0,2008.0,Other,2008-11-11T05:00:00.000Z,7.0,74082.0,21396.0
64,-79.31689,43.821345,Scarborough,Bayview Woods-Steeles/Hillcrest Village,13.0,2012.0,Other,2012-05-07T04:00:00.000Z,8.0,74082.0,21396.0
65,-79.307048,43.823569,Scarborough,Bayview Woods-Steeles/Hillcrest Village,29.0,2018.0, ,2018-05-29T04:00:00.000Z,9.0,74082.0,21396.0
66,-79.33239,43.807745000000004,Scarborough,Bayview Woods-Steeles/Hillcrest Village,23.0,2008.0,Other,2008-06-14T04:00:00.000Z,0.0,74082.0,21396.0
67,-79.33239,43.807745000000004,Scarborough,Bayview Woods-Steeles/Hillcrest Village,24.0,2008.0,Other,2008-06-14T04:00:00.000Z,0.0,74082.0,21396.0
68,-79.380786,43.795336,North York,Bayview Woods-Steeles/Hillcrest Village,17.0,2017.0,"Automobile, Station Wagon",2017-04-13T04:00:00.000Z,1.0,74082.0,21396.0
69,-79.314189,43.807944,Scarborough,Bayview Woods-Steeles/Hillcrest Village,36.0,2012.0,Other,2012-10-21T04:00:00.000Z,3.0,74082.0,21396.0
70,-79.306857,43.818521999999994,Scarborough,Bayview Woods-Steeles/Hillcrest Village,13.0,2018.0, ,2018-02-27T05:00:00.000Z,15.0,74082.0,21396.0
71,-79.392772,43.788287,North York,Bayview Woods-Steeles/Hillcrest Village,10.0,2018.0,"Automobile, Station Wagon",2018-02-17T05:00:00.000Z,23.0,74082.0,21396.0
72,-79.330722,43.804114,Scarborough,Bayview Woods-Steeles/Hillcrest Village,15.0,2014.0, ,2014-07-08T04:00:00.000Z,10.0,74082.0,21396.0
73,-79.31689,43.821345,Scarborough,Bayview Woods-Steeles/Hillcrest Village,12.0,2008.0,"Automobile, Station Wagon",2008-02-28T05:00:00.000Z,10.0,74082.0,21396.0
74,-79.336467,43.816844,Scarborough,Bayview Woods-Steeles/Hillcrest Village,3.0,2016.0,"Automobile, Station Wagon",2016-01-14T05:00:00.000Z,11.0,74082.0,21396.0
75,-79.32454200000001,43.81428,Scarborough,Bayview Woods-Steeles/Hillcrest Village,8.0,2018.0, ,2018-01-24T05:00:00.000Z,11.0,74082.0,21396.0
76,-79.35948499999999,43.809378,North York,Bayview Woods-Steeles/Hillcrest Village,39.0,2014.0, ,2014-11-07T05:00:00.000Z,12.0,74082.0,21396.0
77,-79.574641,43.728128999999996,Etobicoke York,Rexdale-Kipling,40.0,2014.0, ,2014-11-09T05:00:00.000Z,5.0,63232.0,39792.0
78,-79.574641,43.728128999999996,Etobicoke York,Rexdale-Kipling,40.0,2016.0, ,2016-07-04T04:00:00.000Z,20.0,63232.0,39792.0
79,-79.51343100000001,43.758047999999995,Etobicoke York,Victoria Village,41.0,2014.0, ,2014-11-21T05:00:00.000Z,6.0,51867.0,17510.0
80,-79.509639,43.7396,North York,Victoria Village,11.0,2017.0, ,2017-03-04T05:00:00.000Z,10.0,51867.0,17510.0
81,-79.507922,43.759271999999996,Etobicoke York,Victoria Village,28.0,2015.0,Bicycle,2015-06-11T04:00:00.000Z,0.0,51867.0,17510.0
82,-79.513202,43.739379,North York,Victoria Village,23.0,2016.0, ,2016-04-10T04:00:00.000Z,3.0,51867.0,17510.0
83,-79.513202,43.739379,North York,Victoria Village,24.0,2016.0, ,2016-04-10T04:00:00.000Z,3.0,51867.0,17510.0
84,-79.513202,43.739379,North York,Victoria Village,22.0,2016.0, ,2016-04-10T04:00:00.000Z,3.0,51867.0,17510.0
85,-79.31929000000001,43.741145,North York,Victoria Village,35.0,2011.0,"Automobile, Station Wagon",2011-12-23T05:00:00.000Z,5.0,51867.0,17510.0
86,-79.51239,43.758245,Etobicoke York,Victoria Village,8.0,2012.0,Other,2012-04-02T04:00:00.000Z,5.0,51867.0,17510.0
87,-79.32799,43.740245,North York,Victoria Village,22.0,2011.0,Other,2011-08-30T04:00:00.000Z,14.0,51867.0,17510.0
88,-79.31939,43.725945,North York,Victoria Village,18.0,2008.0,Other,2008-05-13T04:00:00.000Z,20.0,51867.0,17510.0
89,-79.31939,43.725945,North York,Victoria Village,19.0,2008.0,Other,2008-05-13T04:00:00.000Z,20.0,51867.0,17510.0
90,-79.301288,43.721343,Scarborough,Victoria Village,7.0,2013.0, ,2013-03-05T05:00:00.000Z,21.0,51867.0,17510.0
91,-79.31829,43.726145,North York,Victoria Village,48.0,2008.0,Other,2008-10-24T04:00:00.000Z,22.0,51867.0,17510.0
92,-79.296924,43.702246,North York,Victoria Village,22.0,2014.0, ,2014-08-17T04:00:00.000Z,23.0,51867.0,17510.0
93,-79.50789,43.759245,Etobicoke York,Victoria Village,34.0,2009.0,Other,2009-10-17T04:00:00.000Z,23.0,51867.0,17510.0
94,-79.50789,43.759245,Etobicoke York,Victoria Village,33.0,2009.0,Other,2009-10-17T04:00:00.000Z,23.0,51867.0,17510.0
95,-79.50789,43.759245,Etobicoke York,Victoria Village,32.0,2009.0,Other,2009-10-17T04:00:00.000Z,23.0,51867.0,17510.0
96,-79.297221,43.693529999999996,Toronto and East York,Victoria Village,13.0,2016.0, ,2016-02-18T05:00:00.000Z,13.0,51867.0,17510.0
97,-79.43739000000001,43.652745,Toronto and East York,Dufferin Grove/Little Portugal,20.0,2011.0,"Automobile, Station Wagon",2011-08-16T04:00:00.000Z,6.0,63479.0,65543.0
98,-79.43634300000001,43.651801,Toronto and East York,Dufferin Grove/Little Portugal,2.0,2015.0, ,2015-01-25T05:00:00.000Z,7.0,63479.0,65543.0
99,-79.44399,43.658045,Toronto and East York,Dufferin Grove/Little Portugal,17.0,2009.0,Other,2009-06-23T04:00:00.000Z,14.0,63479.0,65543.0
100,-79.430408,43.660933,Toronto and East York,Dufferin Grove/Little Portugal,25.0,2015.0, ,2015-05-31T04:00:00.000Z,21.0,63479.0,65543.0
101,-79.433688,43.649745,Toronto and East York,Dufferin Grove/Little Portugal,5.0,2013.0, ,2013-02-06T05:00:00.000Z,10.0,63479.0,65543.0
102,-79.428958,43.649501,Toronto and East York,Dufferin Grove/Little Portugal,39.0,2017.0, ,2017-08-25T04:00:00.000Z,11.0,63479.0,65543.0
103,-79.44299000000001,43.650645000000004,Toronto and East York,Dufferin Grove/Little Portugal,30.0,2011.0,Bicycle,2011-11-07T05:00:00.000Z,11.0,63479.0,65543.0
104,-79.44189,43.650445,Toronto and East York,Dufferin Grove/Little Portugal,18.0,2010.0,Other,2010-05-13T04:00:00.000Z,11.0,63479.0,65543.0
105,-79.58712299999999,43.699228999999995,Etobicoke York,West Humber-Clairville,10.0,2014.0,"Automobile, Station Wagon",2014-05-21T04:00:00.000Z,6.0,70741.0,71633.0
106,-79.61288,43.755641,Etobicoke York,West Humber-Clairville,41.0,2017.0, ,2017-09-15T04:00:00.000Z,6.0,70741.0,71633.0
107,-79.57712099999999,43.705172,Etobicoke York,West Humber-Clairville,27.0,2018.0,Motorcycle,2018-05-30T04:00:00.000Z,3.0,70741.0,71633.0
108,-79.58279,43.690045,Etobicoke York,West Humber-Clairville,47.0,2008.0,Truck - Open,2008-10-21T04:00:00.000Z,5.0,70741.0,71633.0
109,-79.58519,43.714745,Etobicoke York,West Humber-Clairville,4.0,2008.0,Other,2008-01-08T05:00:00.000Z,5.0,70741.0,71633.0
110,-79.617862,43.73503,Etobicoke York,West Humber-Clairville,16.0,2014.0, ,2014-07-28T04:00:00.000Z,5.0,70741.0,71633.0
111,-79.60306899999999,43.734159999999996,Etobicoke York,West Humber-Clairville,25.0,2013.0,Other,2013-07-25T04:00:00.000Z,13.0,70741.0,71633.0
112,-79.600063,43.727339,Etobicoke York,West Humber-Clairville,32.0,2016.0,"Automobile, Station Wagon",2016-05-24T04:00:00.000Z,13.0,70741.0,71633.0
113,-79.574893,43.764346,Etobicoke York,West Humber-Clairville,6.0,2012.0,"Automobile, Station Wagon",2012-01-30T05:00:00.000Z,14.0,70741.0,71633.0
114,-79.606792,43.730746,Etobicoke York,West Humber-Clairville,35.0,2013.0, ,2013-08-27T04:00:00.000Z,15.0,70741.0,71633.0
115,-79.60669,43.733745,Etobicoke York,West Humber-Clairville,15.0,2009.0,Motorcycle,2009-06-05T04:00:00.000Z,15.0,70741.0,71633.0
116,-79.58019,43.683645,Etobicoke York,West Humber-Clairville,41.0,2008.0,"Automobile, Station Wagon",2008-09-23T04:00:00.000Z,16.0,70741.0,71633.0
117,-79.60349000000001,43.719145000000005,Etobicoke York,West Humber-Clairville,15.0,2008.0,Other,2008-04-28T04:00:00.000Z,17.0,70741.0,71633.0
118,-79.29999000000001,43.825345,Scarborough,West Humber-Clairville,43.0,2010.0,Other,2010-12-28T05:00:00.000Z,17.0,70741.0,71633.0
119,-79.592754,43.711352000000005,Etobicoke York,West Humber-Clairville,54.0,2015.0,Bicycle,2015-11-03T05:00:00.000Z,17.0,70741.0,71633.0
120,-79.611308,43.720599,Etobicoke York,West Humber-Clairville,51.0,2016.0,Motorcycle,2016-08-05T04:00:00.000Z,18.0,70741.0,71633.0
121,-79.58959,43.695545,Etobicoke York,West Humber-Clairville,32.0,2012.0,Other,2012-09-22T04:00:00.000Z,18.0,70741.0,71633.0
122,-79.619815,43.754172,Etobicoke York,West Humber-Clairville,42.0,2013.0,Motorcycle,2013-09-25T04:00:00.000Z,18.0,70741.0,71633.0
123,-79.57079,43.691545,Etobicoke York,West Humber-Clairville,25.0,2011.0,Other,2011-09-23T04:00:00.000Z,19.0,70741.0,71633.0
124,-79.56349,43.704845,Etobicoke York,West Humber-Clairville,23.0,2010.0,"Automobile, Station Wagon",2010-07-13T04:00:00.000Z,20.0,70741.0,71633.0
125,-79.59279000000001,43.711345,Etobicoke York,West Humber-Clairville,32.0,2010.0,Other,2010-09-26T04:00:00.000Z,22.0,70741.0,71633.0
126,-79.583987,43.688479,Etobicoke York,West Humber-Clairville,22.0,2018.0, ,2018-05-04T04:00:00.000Z,23.0,70741.0,71633.0
127,-79.59679,43.720045,Etobicoke York,West Humber-Clairville,22.0,2012.0,Other,2012-07-28T04:00:00.000Z,12.0,70741.0,71633.0
128,-79.61201,43.720431,Etobicoke York,West Humber-Clairville,14.0,2017.0, ,2017-03-04T05:00:00.000Z,12.0,70741.0,71633.0
129,-79.42629000000001,43.796645,North York,West Humber-Clairville,41.0,2009.0,Other,2009-10-16T04:00:00.000Z,13.0,70741.0,71633.0
130,-79.62099,43.753945,Etobicoke York,West Humber-Clairville,24.0,2011.0,"Automobile, Station Wagon",2011-09-12T04:00:00.000Z,13.0,70741.0,71633.0
136,-79.29131600000001,43.765433,Scarborough,Dorset Park,3.0,2015.0, ,2015-01-28T05:00:00.000Z,6.0,57986.0,27051.0
137,-79.291301,43.763327000000004,Scarborough,Dorset Park,58.0,2018.0, ,2018-11-09T05:00:00.000Z,6.0,57986.0,27051.0
138,-79.28109,43.765745,Scarborough,Dorset Park,29.0,2009.0,Other,2009-10-13T04:00:00.000Z,6.0,57986.0,27051.0
139,-79.287677,43.764189,Scarborough,Dorset Park,2.0,2017.0, ,2017-01-08T05:00:00.000Z,18.0,57986.0,27051.0
140,-79.282741,43.773322,Scarborough,Dorset Park,12.0,2018.0, ,2018-02-21T05:00:00.000Z,18.0,57986.0,27051.0
141,-79.283893,43.773146000000004,Scarborough,Dorset Park,10.0,2013.0,Bicycle,2013-04-13T04:00:00.000Z,18.0,57986.0,27051.0
142,-79.280681,43.764497999999996,Scarborough,Dorset Park,1.0,2016.0, ,2016-01-03T05:00:00.000Z,19.0,57986.0,27051.0
143,-79.286601,43.751868,Scarborough,Dorset Park,55.0,2017.0, ,2017-12-01T05:00:00.000Z,23.0,57986.0,27051.0
144,-79.379863,43.655387,Toronto and East York,Church-Yonge Corridor,27.0,2014.0, ,2014-09-10T04:00:00.000Z,6.0,56366.0,10968.0
145,-79.469287,43.637206,Toronto and East York,High Park-Swansea,50.0,2018.0, ,2018-10-01T04:00:00.000Z,6.0,82753.0,23925.0
146,-79.45055699999999,43.639189,Toronto and East York,High Park-Swansea,51.0,2015.0, ,2015-09-24T04:00:00.000Z,6.0,82753.0,23925.0
147,-79.45827,43.650427,Toronto and East York,High Park-Swansea,46.0,2018.0,Motorcycle,2018-09-15T04:00:00.000Z,2.0,82753.0,23925.0
148,-79.457828,43.655169,Toronto and East York,High Park-Swansea,23.0,2015.0, ,2015-05-16T04:00:00.000Z,3.0,82753.0,23925.0
149,-79.484439,43.64926,Toronto and East York,High Park-Swansea,31.0,2017.0,Motorcycle,2017-07-18T04:00:00.000Z,15.0,82753.0,23925.0
150,-79.471744,43.652056,Toronto and East York,High Park-Swansea,10.0,2017.0,"Automobile, Station Wagon",2017-03-07T05:00:00.000Z,15.0,82753.0,23925.0
151,-79.394183,43.675101,Toronto and East York,Annex,65.0,2018.0, ,2018-12-22T05:00:00.000Z,6.0,67995.0,16556.0
152,-79.39019,43.671345,Toronto and East York,Annex,22.0,2008.0,Other,2008-05-30T04:00:00.000Z,7.0,67995.0,16556.0
153,-79.40999000000001,43.665345,Toronto and East York,Annex,10.0,2009.0,Other,2009-04-04T04:00:00.000Z,2.0,67995.0,16556.0
154,-79.396594,43.674712,Toronto and East York,Annex,31.0,2015.0,Bicycle,2015-06-13T04:00:00.000Z,23.0,67995.0,16556.0
155,-79.40209499999999,43.663043,Toronto and East York,Annex,51.0,2013.0, ,2013-11-07T05:00:00.000Z,11.0,67995.0,16556.0
156,-79.399799,43.667445,Toronto and East York,Annex,32.0,2018.0,Bicycle,2018-06-12T04:00:00.000Z,12.0,67995.0,16556.0
157,-79.39499,43.645445,Toronto and East York,Waterfront Communities-The Island,29.0,2011.0,Other,2011-10-21T04:00:00.000Z,6.0,78479.0,65913.0
158,-79.36725899999999,43.648974,Toronto and East York,Waterfront Communities-The Island,1.0,2017.0, ,2017-01-03T05:00:00.000Z,7.0,78479.0,65913.0
159,-79.39819,43.646245,Toronto and East York,Waterfront Communities-The Island,18.0,2012.0,Other,2012-06-14T04:00:00.000Z,7.0,78479.0,65913.0
160,-79.39219,43.638445000000004,Toronto and East York,Waterfront Communities-The Island,36.0,2010.0,Bicycle,2010-11-19T05:00:00.000Z,7.0,78479.0,65913.0
161,-79.39563299999999,43.637957,Toronto and East York,Waterfront Communities-The Island,4.0,2017.0, ,2017-01-29T05:00:00.000Z,1.0,78479.0,65913.0
162,-79.392284,43.640692,Toronto and East York,Waterfront Communities-The Island,36.0,2016.0, ,2016-06-14T04:00:00.000Z,14.0,78479.0,65913.0
163,-79.38629,43.645845,Toronto and East York,Waterfront Communities-The Island,17.0,2010.0,Other,2010-05-06T04:00:00.000Z,16.0,78479.0,65913.0
164,-79.34849100000001,43.650244,Toronto and East York,Waterfront Communities-The Island,8.0,2013.0, ,2013-03-29T04:00:00.000Z,17.0,78479.0,65913.0
165,-79.36342900000001,43.645872999999995,Toronto and East York,Waterfront Communities-The Island,45.0,2016.0, ,2016-07-02T04:00:00.000Z,18.0,78479.0,65913.0
166,-79.35619,43.649045,Toronto and East York,Waterfront Communities-The Island,8.0,2011.0,Motorcycle,2011-04-30T04:00:00.000Z,18.0,78479.0,65913.0
167,-79.39129,43.643445,Toronto and East York,Waterfront Communities-The Island,9.0,2009.0,Other,2009-03-25T04:00:00.000Z,21.0,78479.0,65913.0
168,-79.377452,43.642066,Toronto and East York,Waterfront Communities-The Island,56.0,2016.0,Motorcycle,2016-09-01T04:00:00.000Z,22.0,78479.0,65913.0
169,-79.37382099999999,43.648543,Toronto and East York,Waterfront Communities-The Island,57.0,2017.0, ,2017-12-15T05:00:00.000Z,12.0,78479.0,65913.0
170,-79.377811,43.642996000000004,Toronto and East York,Waterfront Communities-The Island,19.0,2013.0, ,2013-07-03T04:00:00.000Z,13.0,78479.0,65913.0
171,-79.315753,43.796763,Scarborough,L'Amoreaux/Steeles/Milliken,54.0,2016.0, ,2016-08-30T04:00:00.000Z,6.0,62871.0,16164.0
172,-79.301936,43.812129,Scarborough,L'Amoreaux/Steeles/Milliken,6.0,2015.0, ,2015-02-16T05:00:00.000Z,6.0,62871.0,16164.0
173,-79.32309000000001,43.796545,Scarborough,L'Amoreaux/Steeles/Milliken,17.0,2008.0,"Automobile, Station Wagon",2008-05-03T04:00:00.000Z,2.0,62871.0,16164.0
174,-79.29659000000001,43.801245,Scarborough,L'Amoreaux/Steeles/Milliken,27.0,2011.0,"Automobile, Station Wagon",2011-10-10T04:00:00.000Z,5.0,62871.0,16164.0
175,-79.31499000000001,43.794845,Scarborough,L'Amoreaux/Steeles/Milliken,53.0,2008.0,Other,2008-11-26T05:00:00.000Z,17.0,62871.0,16164.0
176,-79.28999,43.809645,Scarborough,L'Amoreaux/Steeles/Milliken,40.0,2012.0,Other,2012-11-27T05:00:00.000Z,17.0,62871.0,16164.0
177,-79.324161,43.777732,Scarborough,L'Amoreaux/Steeles/Milliken,26.0,2016.0, ,2016-04-22T04:00:00.000Z,17.0,62871.0,16164.0
178,-79.299571,43.800383000000004,Scarborough,L'Amoreaux/Steeles/Milliken,64.0,2018.0, ,2018-12-07T05:00:00.000Z,18.0,62871.0,16164.0
179,-79.26276700000001,43.827811,Scarborough,L'Amoreaux/Steeles/Milliken,61.0,2017.0, ,2017-12-20T05:00:00.000Z,18.0,62871.0,16164.0
180,-79.303623,43.824481,Scarborough,L'Amoreaux/Steeles/Milliken,47.0,2013.0, ,2013-10-08T04:00:00.000Z,21.0,62871.0,16164.0
181,-79.31619,43.797845,Scarborough,L'Amoreaux/Steeles/Milliken,36.0,2008.0,Other,2008-08-17T04:00:00.000Z,21.0,62871.0,16164.0
182,-79.274997,43.829547,Scarborough,L'Amoreaux/Steeles/Milliken,46.0,2017.0, ,2017-09-28T04:00:00.000Z,21.0,62871.0,16164.0
183,-79.311565,43.786906,Scarborough,L'Amoreaux/Steeles/Milliken,12.0,2011.0,Other,2011-07-01T04:00:00.000Z,22.0,62871.0,16164.0
184,-79.267993,43.832644,Scarborough,L'Amoreaux/Steeles/Milliken,30.0,2013.0, ,2013-08-13T04:00:00.000Z,11.0,62871.0,16164.0
185,-79.44449,43.746845,North York,Clanton Park,48.0,2009.0,Other,2009-12-24T05:00:00.000Z,6.0,69997.0,26984.0
186,-79.45799,43.732245,North York,Clanton Park,45.0,2009.0,"Automobile, Station Wagon",2009-12-15T05:00:00.000Z,1.0,69997.0,26984.0
187,-79.45429,43.741845,North York,Clanton Park,5.0,2009.0,"Automobile, Station Wagon",2009-03-07T05:00:00.000Z,4.0,69997.0,26984.0
188,-79.44279,43.735545,North York,Clanton Park,28.0,2011.0,Other,2011-10-18T04:00:00.000Z,5.0,69997.0,26984.0
189,-79.44269,43.735545,North York,Clanton Park,7.0,2008.0,Other,2008-02-08T05:00:00.000Z,17.0,69997.0,26984.0
190,-79.447238,43.734515,North York,Clanton Park,22.0,2017.0,Motorcycle,2017-05-08T04:00:00.000Z,18.0,69997.0,26984.0
191,-79.45669000000001,43.751645,North York,Clanton Park,19.0,2012.0,Other,2012-07-08T04:00:00.000Z,18.0,69997.0,26984.0
192,-79.438556,43.736334,North York,Clanton Park,26.0,2018.0,"Automobile, Station Wagon",2018-05-20T04:00:00.000Z,23.0,69997.0,26984.0
193,-79.458873,43.73202,North York,Clanton Park,16.0,2017.0, ,2017-04-11T04:00:00.000Z,10.0,69997.0,26984.0
194,-79.454883,43.74869,North York,Clanton Park,13.0,2015.0, ,2015-03-28T04:00:00.000Z,12.0,69997.0,26984.0
195,-79.448291,43.671546,Toronto and East York,Dovercourt/Davenport/Junction,39.0,2012.0,Bicycle,2012-11-23T05:00:00.000Z,6.0,65167.0,25003.0
196,-79.42689,43.661745,Toronto and East York,Dovercourt/Davenport/Junction,3.0,2011.0,Other,2011-01-29T05:00:00.000Z,0.0,65167.0,25003.0
197,-79.44309,43.677945,Toronto and East York,Dovercourt/Davenport/Junction,20.0,2010.0,Other,2010-06-03T04:00:00.000Z,1.0,65167.0,25003.0
198,-79.476505,43.670558,Etobicoke York,Dovercourt/Davenport/Junction,25.0,2014.0, ,2014-08-30T04:00:00.000Z,4.0,65167.0,25003.0
199,-79.44329,43.678645,Toronto and East York,Dovercourt/Davenport/Junction,2.0,2011.0,Other,2011-01-21T05:00:00.000Z,5.0,65167.0,25003.0
200,-79.468509,43.672331,Etobicoke York,Dovercourt/Davenport/Junction,30.0,2014.0, ,2014-09-30T04:00:00.000Z,16.0,65167.0,25003.0
201,-79.46439000000001,43.664945,Toronto and East York,Dovercourt/Davenport/Junction,16.0,2009.0,Other,2009-06-17T04:00:00.000Z,17.0,65167.0,25003.0
202,-79.437427,43.664706,Toronto and East York,Dovercourt/Davenport/Junction,7.0,2016.0, ,2016-01-30T05:00:00.000Z,17.0,65167.0,25003.0
203,-79.45329,43.670745000000004,Toronto and East York,Dovercourt/Davenport/Junction,8.0,2010.0,Other,2010-01-25T05:00:00.000Z,18.0,65167.0,25003.0
204,-79.45193,43.675994,Toronto and East York,Dovercourt/Davenport/Junction,20.0,2014.0, ,2014-08-07T04:00:00.000Z,22.0,65167.0,25003.0
205,-79.479152,43.669959000000006,Etobicoke York,Dovercourt/Davenport/Junction,58.0,2016.0,"Automobile, Station Wagon",2016-09-29T04:00:00.000Z,10.0,65167.0,25003.0
206,-79.46319,43.674045,Toronto and East York,Dovercourt/Davenport/Junction,12.0,2009.0,Other,2009-04-17T04:00:00.000Z,10.0,65167.0,25003.0
207,-79.426227,43.663294,Toronto and East York,Dovercourt/Davenport/Junction,56.0,2018.0,Other,2018-10-18T04:00:00.000Z,12.0,65167.0,25003.0
208,-79.42372399999999,43.671199,Toronto and East York,Dovercourt/Davenport/Junction,41.0,2016.0,Bicycle,2016-07-05T04:00:00.000Z,12.0,65167.0,25003.0
209,-79.332736,43.689231,Toronto and East York,Danforth Village-East York,10.0,2015.0, ,2015-03-10T04:00:00.000Z,6.0,81253.0,15935.0
210,-79.328006,43.694125,Scarborough,Danforth Village-East York,51.0,2014.0, ,2014-12-12T05:00:00.000Z,18.0,81253.0,15935.0
211,-79.31589,43.692745,Toronto and East York,Danforth Village-East York,20.0,2009.0,Other,2009-07-18T04:00:00.000Z,11.0,81253.0,15935.0
212,-79.564769,43.766535,Etobicoke York,Mount Olive-Silverstone-Jamestown,7.0,2009.0,Other,2009-03-11T04:00:00.000Z,6.0,57414.0,16775.0
213,-79.562267,43.747714,Etobicoke York,Mount Olive-Silverstone-Jamestown,9.0,2018.0, ,2018-02-02T05:00:00.000Z,9.0,57414.0,16775.0
214,-79.53622,43.753218,Etobicoke York,Mount Olive-Silverstone-Jamestown,21.0,2018.0,"Automobile, Station Wagon",2018-04-23T04:00:00.000Z,0.0,57414.0,16775.0
215,-79.589862,43.759535,Etobicoke York,Mount Olive-Silverstone-Jamestown,35.0,2018.0, ,2018-06-29T04:00:00.000Z,1.0,57414.0,16775.0
216,-79.57728900000001,43.763743,Etobicoke York,Mount Olive-Silverstone-Jamestown,27.0,2013.0,"Automobile, Station Wagon",2013-08-03T04:00:00.000Z,3.0,57414.0,16775.0
217,-79.58209000000001,43.743245,Etobicoke York,Mount Olive-Silverstone-Jamestown,43.0,2009.0,Other,2009-12-08T05:00:00.000Z,5.0,57414.0,16775.0
218,-79.57999000000001,43.738945,Etobicoke York,Mount Olive-Silverstone-Jamestown,27.0,2009.0,Other,2009-09-15T04:00:00.000Z,14.0,57414.0,16775.0
219,-79.54649,43.770245,Etobicoke York,Mount Olive-Silverstone-Jamestown,15.0,2012.0,Other,2012-05-15T04:00:00.000Z,14.0,57414.0,16775.0
220,-79.542331,43.752016999999995,Etobicoke York,Mount Olive-Silverstone-Jamestown,6.0,2017.0,"Automobile, Station Wagon",2017-01-25T05:00:00.000Z,14.0,57414.0,16775.0
221,-79.59529,43.759545,Etobicoke York,Mount Olive-Silverstone-Jamestown,14.0,2010.0,"Automobile, Station Wagon",2010-03-09T05:00:00.000Z,15.0,57414.0,16775.0
222,-79.54239,43.752045,Etobicoke York,Mount Olive-Silverstone-Jamestown,3.0,2009.0,Other,2009-02-02T05:00:00.000Z,16.0,57414.0,16775.0
223,-79.57332199999999,43.764662,Etobicoke York,Mount Olive-Silverstone-Jamestown,16.0,2016.0,Motorcycle,2016-03-09T05:00:00.000Z,18.0,57414.0,16775.0
224,-79.570071,43.760417,Etobicoke York,Mount Olive-Silverstone-Jamestown,9.0,2015.0, ,2015-03-04T05:00:00.000Z,19.0,57414.0,16775.0
225,-79.58575,43.750846,Etobicoke York,Mount Olive-Silverstone-Jamestown,59.0,2018.0, ,2018-11-01T04:00:00.000Z,20.0,57414.0,16775.0
226,-79.56525699999999,43.737165999999995,Etobicoke York,Mount Olive-Silverstone-Jamestown,43.0,2016.0, ,2016-07-05T04:00:00.000Z,11.0,57414.0,16775.0
227,-79.54349,43.756345,Etobicoke York,Mount Olive-Silverstone-Jamestown,35.0,2009.0,Other,2009-10-21T04:00:00.000Z,12.0,57414.0,16775.0
228,-79.45329,43.714145,North York,Yorkdale-Glen Park,37.0,2012.0,Other,2012-11-01T04:00:00.000Z,6.0,63778.0,14804.0
229,-79.44449,43.710745,North York,Yorkdale-Glen Park,30.0,2012.0,Motorcycle,2012-09-11T04:00:00.000Z,8.0,63778.0,14804.0
230,-79.44649100000001,43.715644,North York,Yorkdale-Glen Park,22.0,2009.0,Other,2009-08-27T04:00:00.000Z,9.0,63778.0,14804.0
231,-79.39019,43.708445000000005,Toronto and East York,Mount Pleasant East,4.0,2010.0,Other,2010-01-18T05:00:00.000Z,6.0,93566.0,11463.0
232,-79.39359,43.716945,North York,Mount Pleasant East,7.0,2012.0,Other,2012-04-03T04:00:00.000Z,2.0,93566.0,11463.0
233,-79.38669,43.699245,Toronto and East York,Mount Pleasant East,35.0,2008.0,Other,2008-08-09T04:00:00.000Z,10.0,93566.0,11463.0
234,-79.450549,43.691016,Toronto and East York,Caledonia-Fairbank,39.0,2016.0, ,2016-06-22T04:00:00.000Z,6.0,66048.0,11669.0
235,-79.44849,43.691345,Toronto and East York,Caledonia-Fairbank,5.0,2010.0,Other,2010-01-20T05:00:00.000Z,7.0,66048.0,11669.0
236,-79.43934899999999,43.69797,Toronto and East York,Caledonia-Fairbank,37.0,2018.0, ,2018-07-26T04:00:00.000Z,0.0,66048.0,11669.0
237,-79.447673,43.69625,Toronto and East York,Caledonia-Fairbank,1.0,2014.0, ,2014-01-19T05:00:00.000Z,21.0,66048.0,11669.0
238,-79.44664300000001,43.686811999999996,Toronto and East York,Caledonia-Fairbank,32.0,2015.0, ,2015-06-26T04:00:00.000Z,21.0,66048.0,11669.0
239,-79.43289,43.781245,North York,Willowdale West,27.0,2010.0,Other,2010-07-31T04:00:00.000Z,7.0,56942.0,40767.0
240,-79.44666600000001,43.788577000000004,North York,Willowdale West,50.0,2014.0, ,2014-12-18T05:00:00.000Z,8.0,56942.0,40767.0
241,-79.44049,43.792445,North York,Willowdale West,40.0,2009.0,Other,2009-11-17T05:00:00.000Z,8.0,56942.0,40767.0
242,-79.41639,43.779545,North York,Willowdale West,25.0,2012.0,Other,2012-08-21T04:00:00.000Z,9.0,56942.0,40767.0
243,-79.445163,43.792533,North York,Willowdale West,40.0,2013.0, ,2013-09-16T04:00:00.000Z,1.0,56942.0,40767.0
244,-79.42009,43.797945,North York,Willowdale West,34.0,2008.0,Other,2008-07-21T04:00:00.000Z,3.0,56942.0,40767.0
245,-79.424747,43.796965,North York,Willowdale West,56.0,2013.0, ,2013-11-24T05:00:00.000Z,15.0,56942.0,40767.0
246,-79.44089100000001,43.765390999999994,North York,Willowdale West,11.0,2018.0, ,2018-02-20T05:00:00.000Z,16.0,56942.0,40767.0
247,-79.44389,43.789345000000004,North York,Willowdale West,19.0,2011.0,Other,2011-08-13T04:00:00.000Z,18.0,56942.0,40767.0
248,-79.422359,43.778242999999996,North York,Willowdale West,50.0,2016.0, ,2016-08-05T04:00:00.000Z,12.0,56942.0,40767.0
249,-79.44589,43.785945,North York,Willowdale West,9.0,2011.0,Other,2011-06-11T04:00:00.000Z,13.0,56942.0,40767.0
250,-79.519672,43.765898,Etobicoke York,Black Creek,34.0,2011.0,Other,2011-12-21T05:00:00.000Z,7.0,51999.0,22291.0
251,-79.49959100000001,43.753844,Etobicoke York,Black Creek,37.0,2013.0, ,2013-09-03T04:00:00.000Z,8.0,51999.0,22291.0
252,-79.49449,43.781545,North York,Black Creek,38.0,2009.0,"Automobile, Station Wagon",2009-10-31T04:00:00.000Z,9.0,51999.0,22291.0
253,-79.493961,43.760321000000005,Etobicoke York,Black Creek,8.0,2016.0, ,2016-01-31T05:00:00.000Z,2.0,51999.0,22291.0
254,-79.501659,43.768195,Etobicoke York,Black Creek,47.0,2017.0, ,2017-10-03T04:00:00.000Z,16.0,51999.0,22291.0
255,-79.51989,43.756945,Etobicoke York,Black Creek,9.0,2010.0,Other,2010-01-08T05:00:00.000Z,18.0,51999.0,22291.0
256,-79.518886,43.762446000000004,Etobicoke York,Black Creek,9.0,2013.0, ,2013-04-12T04:00:00.000Z,20.0,51999.0,22291.0
257,-79.49446400000001,43.781508,North York,Black Creek,51.0,2017.0, ,2017-10-31T04:00:00.000Z,22.0,51999.0,22291.0
258,-79.50360400000001,43.760237,Etobicoke York,Black Creek,11.0,2016.0, ,2016-02-13T05:00:00.000Z,10.0,51999.0,22291.0
259,-79.482974,43.754729,North York,Black Creek,57.0,2016.0, ,2016-09-16T04:00:00.000Z,12.0,51999.0,22291.0
260,-79.247051,43.719565,Scarborough,Cliffcrest,49.0,2018.0, ,2018-09-26T04:00:00.000Z,7.0,75291.0,16472.0
261,-79.24709,43.719645,Scarborough,Cliffcrest,16.0,2008.0,Other,2008-05-01T04:00:00.000Z,7.0,75291.0,16472.0
262,-79.23929,43.719145000000005,Scarborough,Cliffcrest,39.0,2010.0,"Automobile, Station Wagon",2010-12-14T05:00:00.000Z,2.0,75291.0,16472.0
263,-79.22742,43.729457000000004,Scarborough,Cliffcrest,61.0,2015.0,"Automobile, Station Wagon",2015-12-03T05:00:00.000Z,20.0,75291.0,16472.0
264,-79.243045,43.720442,Scarborough,Cliffcrest,37.0,2017.0,"Automobile, Station Wagon",2017-08-26T04:00:00.000Z,10.0,75291.0,16472.0
265,-79.397853,43.652507,Toronto and East York,Kensington-Chinatown,49.0,2013.0,Bicycle,2013-10-16T04:00:00.000Z,7.0,44216.0,17945.0
266,-79.40369,43.647745,Toronto and East York,Kensington-Chinatown,20.0,2012.0,Other,2012-07-09T04:00:00.000Z,9.0,44216.0,17945.0
267,-79.398158,43.658187,Toronto and East York,Kensington-Chinatown,15.0,2018.0, ,2018-03-15T04:00:00.000Z,2.0,44216.0,17945.0
268,-79.401134,43.652262,Toronto and East York,Kensington-Chinatown,9.0,2014.0, ,2014-05-10T04:00:00.000Z,2.0,44216.0,17945.0
269,-79.39986,43.652541,Toronto and East York,Kensington-Chinatown,7.0,2014.0, ,2014-04-23T04:00:00.000Z,17.0,44216.0,17945.0
270,-79.397403,43.651315999999994,Toronto and East York,Kensington-Chinatown,18.0,2017.0, ,2017-04-14T04:00:00.000Z,18.0,44216.0,17945.0
271,-79.397586,43.651843,Toronto and East York,Kensington-Chinatown,16.0,2013.0, ,2013-06-06T04:00:00.000Z,23.0,44216.0,17945.0
272,-79.40389,43.647245,Toronto and East York,Kensington-Chinatown,1.0,2011.0,Other,2011-01-11T05:00:00.000Z,10.0,44216.0,17945.0
273,-79.39729,43.650945,Toronto and East York,Kensington-Chinatown,30.0,2010.0,Other,2010-09-14T04:00:00.000Z,10.0,44216.0,17945.0
274,-79.39919,43.655845,Toronto and East York,Kensington-Chinatown,25.0,2009.0,Bicycle,2009-09-01T04:00:00.000Z,12.0,44216.0,17945.0
275,-79.437747,43.752669,North York,Lansing-Westgate,76.0,2016.0, ,2016-12-06T05:00:00.000Z,7.0,80384.0,14607.0
276,-79.37099,43.658221000000005,Toronto and East York,Moss Park/Regent Park,33.0,2017.0, ,2017-07-31T04:00:00.000Z,7.0,49252.0,13593.0
277,-79.37259,43.663245,Toronto and East York,Moss Park/Regent Park,28.0,2012.0,Other,2012-08-25T04:00:00.000Z,8.0,49252.0,13593.0
278,-79.370799,43.657740000000004,Toronto and East York,Moss Park/Regent Park,7.0,2015.0, ,2015-02-18T05:00:00.000Z,1.0,49252.0,13593.0
279,-79.36225400000001,43.656085,Toronto and East York,Moss Park/Regent Park,21.0,2014.0, ,2014-08-18T04:00:00.000Z,1.0,49252.0,13593.0
280,-79.36319,43.652745,Toronto and East York,Moss Park/Regent Park,1.0,2010.0,"Automobile, Station Wagon",2010-01-10T05:00:00.000Z,3.0,49252.0,13593.0
281,-79.370532,43.658351,Toronto and East York,Moss Park/Regent Park,35.0,2017.0, ,2017-08-15T04:00:00.000Z,4.0,49252.0,13593.0
282,-79.37324100000001,43.65372,Toronto and East York,Moss Park/Regent Park,14.0,2016.0, ,2016-03-04T05:00:00.000Z,14.0,49252.0,13593.0
283,-79.364993,43.656932,Toronto and East York,Moss Park/Regent Park,49.0,2016.0, ,2016-07-28T04:00:00.000Z,14.0,49252.0,13593.0
284,-79.369693,43.663325,Toronto and East York,Moss Park/Regent Park,48.0,2018.0, ,2018-09-21T04:00:00.000Z,16.0,49252.0,13593.0
285,-79.365749,43.655328999999995,Toronto and East York,Moss Park/Regent Park,52.0,2015.0, ,2015-09-22T04:00:00.000Z,17.0,49252.0,13593.0
286,-79.373676,43.657778,Toronto and East York,Moss Park/Regent Park,73.0,2016.0, ,2016-11-24T05:00:00.000Z,20.0,49252.0,13593.0
287,-79.367008,43.651472999999996,Toronto and East York,Moss Park/Regent Park,18.0,2016.0, ,2016-03-23T04:00:00.000Z,20.0,49252.0,13593.0
288,-79.166332,43.772868,Scarborough,West Hill,52.0,2013.0, ,2013-11-08T05:00:00.000Z,7.0,56051.0,27392.0
289,-79.19949,43.765445,Scarborough,West Hill,15.0,2011.0,"Automobile, Station Wagon",2011-07-24T04:00:00.000Z,13.0,56051.0,27392.0
290,-79.17369000000001,43.776445,Scarborough,West Hill,42.0,2012.0,Other,2012-12-18T05:00:00.000Z,21.0,56051.0,27392.0
291,-79.189586,43.767646,Scarborough,West Hill,24.0,2012.0,Bicycle,2012-07-27T04:00:00.000Z,21.0,56051.0,27392.0
293,-79.481792,43.623171,Etobicoke York,Mimico,41.0,2015.0, ,2015-09-03T04:00:00.000Z,7.0,67525.0,29949.0
294,-79.519672,43.604773,Etobicoke York,Mimico,7.0,2017.0,Pick Up Truck,2017-02-18T05:00:00.000Z,0.0,67525.0,29949.0
295,-79.499957,43.623107,Etobicoke York,Mimico,16.0,2018.0, ,2018-03-21T04:00:00.000Z,3.0,67525.0,29949.0
296,-79.500606,43.621562,Etobicoke York,Mimico,5.0,2015.0, ,2015-02-13T05:00:00.000Z,15.0,67525.0,29949.0
297,-79.29219,43.782345,Scarborough,Tam O'Shanter-Sullivan,43.0,2012.0,Other,2012-12-20T05:00:00.000Z,7.0,58246.0,27446.0
298,-79.304355,43.77949,Scarborough,Tam O'Shanter-Sullivan,72.0,2016.0, ,2016-11-14T05:00:00.000Z,8.0,58246.0,27446.0
299,-79.31548599999999,43.777014,Scarborough,Tam O'Shanter-Sullivan,49.0,2014.0, ,2014-12-28T05:00:00.000Z,18.0,58246.0,27446.0
300,-79.320316,43.775892999999996,Scarborough,Tam O'Shanter-Sullivan,4.0,2016.0, ,2016-01-17T05:00:00.000Z,19.0,58246.0,27446.0
301,-79.29249899999999,43.782229,Scarborough,Tam O'Shanter-Sullivan,52.0,2018.0, ,2018-09-26T04:00:00.000Z,20.0,58246.0,27446.0
302,-79.322238,43.775355,Scarborough,Tam O'Shanter-Sullivan,54.0,2017.0,Passenger Van,2017-11-24T05:00:00.000Z,11.0,58246.0,27446.0
303,-79.532726,43.696154,Etobicoke York,Humber Heights-Westmount,33.0,2013.0,"Automobile, Station Wagon",2013-08-19T04:00:00.000Z,7.0,68996.0,10948.0
304,-79.51249,43.685545,Etobicoke York,Humber Heights-Westmount,11.0,2008.0,"Automobile, Station Wagon",2008-03-09T05:00:00.000Z,9.0,68996.0,10948.0
305,-79.51949,43.694745000000005,Etobicoke York,Humber Heights-Westmount,31.0,2008.0,"Automobile, Station Wagon",2008-07-12T04:00:00.000Z,0.0,68996.0,10948.0
306,-79.520099,43.695372,Etobicoke York,Humber Heights-Westmount,51.0,2018.0,Motorcycle,2018-10-05T04:00:00.000Z,18.0,68996.0,10948.0
307,-79.53269,43.696145,Etobicoke York,Humber Heights-Westmount,14.0,2011.0,Other,2011-07-16T04:00:00.000Z,12.0,68996.0,10948.0
308,-79.334277,43.666098,Toronto and East York,Riverdale,25.0,2018.0,Bicycle,2018-05-16T04:00:00.000Z,8.0,77819.0,22246.0
309,-79.357845,43.675115999999996,Toronto and East York,Riverdale,12.0,2014.0,Motorcycle,2014-06-16T04:00:00.000Z,8.0,77819.0,22246.0
310,-79.34849100000001,43.666346000000004,Toronto and East York,Riverdale,8.0,2009.0,Other,2009-03-13T04:00:00.000Z,9.0,77819.0,22246.0
311,-79.35139000000001,43.658545000000004,Toronto and East York,Riverdale,7.0,2010.0,Other,2010-01-24T05:00:00.000Z,0.0,77819.0,22246.0
312,-79.352985,43.669097,Toronto and East York,Riverdale,1.0,2015.0,"Automobile, Station Wagon",2015-01-11T05:00:00.000Z,3.0,77819.0,22246.0
313,-79.35879,43.672745,Toronto and East York,Riverdale,15.0,2010.0,Truck - Open,2010-03-12T05:00:00.000Z,5.0,77819.0,22246.0
314,-79.34238,43.664443,Toronto and East York,Riverdale,19.0,2015.0, ,2015-04-20T04:00:00.000Z,14.0,77819.0,22246.0
315,-79.35589,43.665145,Toronto and East York,Riverdale,11.0,2012.0,Motorcycle,2012-04-20T04:00:00.000Z,14.0,77819.0,22246.0
316,-79.34917800000001,43.641405999999996,Toronto and East York,Riverdale,66.0,2016.0,"Automobile, Station Wagon",2016-10-27T04:00:00.000Z,15.0,77819.0,22246.0
317,-79.352763,43.665820000000004,Toronto and East York,Riverdale,17.0,2015.0, ,2015-04-04T04:00:00.000Z,20.0,77819.0,22246.0
318,-79.35094000000001,43.658515,Toronto and East York,Riverdale,54.0,2018.0,Bicycle,2018-10-08T04:00:00.000Z,20.0,77819.0,22246.0
319,-79.306186,43.664344,Toronto and East York,Riverdale,29.0,2010.0,Other,2010-08-20T04:00:00.000Z,22.0,77819.0,22246.0
320,-79.342792,43.667643,Toronto and East York,Riverdale,44.0,2013.0, ,2013-10-01T04:00:00.000Z,10.0,77819.0,22246.0
321,-79.34989,43.648545,Toronto and East York,Riverdale,12.0,2010.0,"Automobile, Station Wagon",2010-02-28T05:00:00.000Z,23.0,77819.0,22246.0
322,-79.351352,43.662455,Toronto and East York,Riverdale,43.0,2013.0, ,2013-09-26T04:00:00.000Z,10.0,77819.0,22246.0
323,-79.35889,43.676145,Toronto and East York,Riverdale,6.0,2010.0,Other,2010-01-22T05:00:00.000Z,11.0,77819.0,22246.0
324,-79.49899,43.697345,Etobicoke York,Brookhaven-Amesbury,39.0,2008.0,Bicycle,2008-09-10T04:00:00.000Z,8.0,52988.0,11499.0
325,-79.50359,43.702145,Etobicoke York,Brookhaven-Amesbury,32.0,2011.0,Other,2011-12-01T05:00:00.000Z,1.0,52988.0,11499.0
326,-79.503825,43.702868,Etobicoke York,Brookhaven-Amesbury,55.0,2015.0, ,2015-11-11T05:00:00.000Z,20.0,52988.0,11499.0
327,-79.50344399999999,43.701564000000005,Etobicoke York,Brookhaven-Amesbury,63.0,2015.0, ,2015-12-15T05:00:00.000Z,11.0,52988.0,11499.0
328,-79.211902,43.777968,Scarborough,Morningside,37.0,2014.0,"Automobile, Station Wagon",2014-11-04T05:00:00.000Z,8.0,52721.0,31309.0
329,-79.17908,43.793753,Scarborough,Morningside,19.0,2017.0, ,2017-04-21T04:00:00.000Z,15.0,52721.0,31309.0
330,-79.21259,43.790545,Scarborough,Morningside,23.0,2012.0,"Automobile, Station Wagon",2012-07-30T04:00:00.000Z,16.0,52721.0,31309.0
331,-79.217136,43.779742,Scarborough,Morningside,44.0,2014.0,"Automobile, Station Wagon",2014-11-24T05:00:00.000Z,18.0,52721.0,31309.0
332,-79.202304,43.783128999999995,Scarborough,Morningside,60.0,2018.0, ,2018-11-12T05:00:00.000Z,18.0,52721.0,31309.0
333,-79.20709000000001,43.767545,Scarborough,Morningside,19.0,2010.0,Motorcycle,2010-05-25T04:00:00.000Z,10.0,52721.0,31309.0
334,-79.15869,43.788645,Scarborough,Flemingdon Park,50.0,2008.0,"Automobile, Station Wagon",2008-10-31T04:00:00.000Z,8.0,48917.0,43041.0
335,-79.16299000000001,43.786017,Scarborough,Flemingdon Park,40.0,2018.0, ,2018-08-09T04:00:00.000Z,0.0,48917.0,43041.0
336,-79.325488,43.714343,North York,Flemingdon Park,35.0,2012.0,"Automobile, Station Wagon",2012-10-20T04:00:00.000Z,5.0,48917.0,43041.0
337,-79.32799,43.718745,North York,Flemingdon Park,18.0,2009.0,Other,2009-07-06T04:00:00.000Z,20.0,48917.0,43041.0
338,-79.32799,43.718745,North York,Flemingdon Park,19.0,2009.0,"Automobile, Station Wagon",2009-07-06T04:00:00.000Z,20.0,48917.0,43041.0
339,-79.172488,43.782145,Scarborough,Flemingdon Park,21.0,2013.0, ,2013-07-11T04:00:00.000Z,22.0,48917.0,43041.0
340,-79.15599399999999,43.792666,Scarborough,Flemingdon Park,35.0,2015.0,Motorcycle,2015-07-26T04:00:00.000Z,13.0,48917.0,43041.0
341,-79.45589,43.662445,Toronto and East York,High Park North,35.0,2010.0,Other,2010-11-17T05:00:00.000Z,8.0,73547.0,22162.0
342,-79.452602,43.656863,Toronto and East York,High Park North,13.0,2014.0, ,2014-07-10T04:00:00.000Z,19.0,73547.0,22162.0
343,-79.45298299999999,43.658259,Scarborough,High Park North,42.0,2014.0, ,2014-11-20T05:00:00.000Z,12.0,73547.0,22162.0
344,-79.389987,43.658744,Toronto and East York,Bay Street Corridor,22.0,2010.0,Other,2010-06-06T04:00:00.000Z,8.0,48737.0,43466.0
345,-79.38629,43.650045,Toronto and East York,Bay Street Corridor,38.0,2012.0,Bicycle,2012-11-07T05:00:00.000Z,14.0,48737.0,43466.0
346,-79.382388,43.659644,Toronto and East York,Bay Street Corridor,13.0,2013.0,Motorcycle,2013-05-04T04:00:00.000Z,14.0,48737.0,43466.0
347,-79.393192,43.668845000000005,Toronto and East York,Bay Street Corridor,23.0,2009.0, ,2009-08-31T04:00:00.000Z,21.0,48737.0,43466.0
348,-79.380771,43.649821,Toronto and East York,Bay Street Corridor,8.0,2017.0, ,2017-02-23T05:00:00.000Z,10.0,48737.0,43466.0
349,-79.382091,43.649542,Toronto and East York,Bay Street Corridor,6.0,2018.0, ,2018-01-05T05:00:00.000Z,11.0,48737.0,43466.0
350,-79.340846,43.727645,North York,Banbury-Don Mills/York Mills,22.0,2015.0, ,2015-05-22T04:00:00.000Z,8.0,90620.0,38133.0
351,-79.397746,43.745096999999994,North York,Banbury-Don Mills/York Mills,13.0,2017.0,"Automobile, Station Wagon",2017-03-19T04:00:00.000Z,2.0,90620.0,38133.0
352,-79.33229399999999,43.738375,North York,Banbury-Don Mills/York Mills,35.0,2016.0,"Automobile, Station Wagon",2016-05-31T04:00:00.000Z,14.0,90620.0,38133.0
353,-79.34499,43.736845,North York,Banbury-Don Mills/York Mills,17.0,2012.0,Motorcycle,2012-06-08T04:00:00.000Z,15.0,90620.0,38133.0
354,-79.350383,43.718589,North York,Banbury-Don Mills/York Mills,43.0,2018.0,Passenger Van,2018-08-16T04:00:00.000Z,15.0,90620.0,38133.0
355,-79.350871,43.75495,North York,Banbury-Don Mills/York Mills,5.0,2014.0,"Automobile, Station Wagon",2014-02-26T05:00:00.000Z,16.0,90620.0,38133.0
356,-79.34798,43.755549,North York,Banbury-Don Mills/York Mills,48.0,2017.0, ,2017-10-04T04:00:00.000Z,23.0,90620.0,38133.0
357,-79.38129,43.732985,North York,Banbury-Don Mills/York Mills,40.0,2015.0,"Automobile, Station Wagon",2015-08-16T04:00:00.000Z,12.0,90620.0,38133.0
358,-79.40588699999999,43.740344,North York,Banbury-Don Mills/York Mills,15.0,2013.0, ,2013-05-16T04:00:00.000Z,12.0,90620.0,38133.0
371,-79.56239000000001,43.627345,Etobicoke York,Markland Wood,5.0,2011.0,Other,2011-02-10T05:00:00.000Z,8.0,72429.0,30436.0
372,-79.56721800000001,43.634440000000005,Etobicoke York,Markland Wood,59.0,2013.0,"Automobile, Station Wagon",2013-11-30T05:00:00.000Z,15.0,72429.0,30436.0
373,-79.570766,43.633544,Etobicoke York,Markland Wood,60.0,2013.0, ,2013-12-03T05:00:00.000Z,21.0,72429.0,30436.0
374,-79.560214,43.621218,Etobicoke York,Islington-City Centre West,52.0,2017.0,"Automobile, Station Wagon",2017-11-02T04:00:00.000Z,8.0,69274.0,43965.0
375,-79.54007299999999,43.636099,Etobicoke York,Islington-City Centre West,10.0,2016.0, ,2016-01-28T05:00:00.000Z,9.0,69274.0,43965.0
376,-79.56166400000001,43.645896,Etobicoke York,Islington-City Centre West,47.0,2015.0,"Automobile, Station Wagon",2015-09-26T04:00:00.000Z,0.0,69274.0,43965.0
377,-79.528835,43.626292,Etobicoke York,Islington-City Centre West,33.0,2015.0,Motorcycle,2015-07-06T04:00:00.000Z,0.0,69274.0,43965.0
378,-79.540759,43.650695,Etobicoke York,Islington-City Centre West,48.0,2015.0, ,2015-10-03T04:00:00.000Z,3.0,69274.0,43965.0
379,-79.52879,43.626245000000004,Etobicoke York,Islington-City Centre West,23.0,2013.0,Motorcycle,2013-07-22T04:00:00.000Z,15.0,69274.0,43965.0
380,-79.564426,43.618773,Etobicoke York,Islington-City Centre West,33.0,2016.0,"Automobile, Station Wagon",2016-05-28T04:00:00.000Z,18.0,69274.0,43965.0
381,-79.52977299999999,43.647521000000005,Etobicoke York,Islington-City Centre West,66.0,2018.0, ,2018-12-26T05:00:00.000Z,18.0,69274.0,43965.0
382,-79.52429000000001,43.621545000000005,Etobicoke York,Islington-City Centre West,26.0,2011.0,Other,2011-08-31T04:00:00.000Z,19.0,69274.0,43965.0
383,-79.520046,43.633887,Etobicoke York,Islington-City Centre West,38.0,2018.0,Motorcycle,2018-07-29T04:00:00.000Z,10.0,69274.0,43965.0
384,-79.54319,43.621845,Etobicoke York,Islington-City Centre West,7.0,2011.0,"Automobile, Station Wagon",2011-03-28T04:00:00.000Z,11.0,69274.0,43965.0
389,-79.352275,43.793151,North York,Don Valley Village,19.0,2016.0, ,2016-03-29T04:00:00.000Z,9.0,65714.0,76346.0
390,-79.352275,43.793151,North York,Don Valley Village,53.0,2016.0, ,2016-08-19T04:00:00.000Z,9.0,65714.0,76346.0
391,-79.354724,43.792651,North York,Don Valley Village,17.0,2016.0, ,2016-03-14T04:00:00.000Z,9.0,65714.0,76346.0
392,-79.347888,43.774943,North York,Don Valley Village,26.0,2013.0, ,2013-07-28T04:00:00.000Z,0.0,65714.0,76346.0
393,-79.34909,43.782745,North York,Don Valley Village,6.0,2008.0,Other,2008-01-31T05:00:00.000Z,14.0,65714.0,76346.0
394,-79.35469,43.792645,North York,Don Valley Village,44.0,2009.0,Other,2009-12-08T05:00:00.000Z,14.0,65714.0,76346.0
395,-79.366107,43.781909000000006,North York,Don Valley Village,20.0,2017.0,Motorcycle,2017-04-26T04:00:00.000Z,18.0,65714.0,76346.0
396,-79.35519000000001,43.790045,North York,Don Valley Village,4.0,2012.0,"Automobile, Station Wagon",2012-01-20T05:00:00.000Z,22.0,65714.0,76346.0
397,-79.33849000000001,43.693845,Toronto and East York,Old East York,16.0,2011.0,Bicycle,2011-08-05T04:00:00.000Z,9.0,77824.0,34805.0
398,-79.343501,43.692526,Toronto and East York,Old East York,11.0,2015.0, ,2015-03-20T04:00:00.000Z,0.0,77824.0,34805.0
399,-79.349437,43.697508,Toronto and East York,Old East York,43.0,2014.0,"Automobile, Station Wagon",2014-11-24T05:00:00.000Z,3.0,77824.0,34805.0
400,-79.42094,43.708262,North York,Forest Hill North,21.0,2016.0,"Automobile, Station Wagon",2016-04-08T04:00:00.000Z,9.0,70920.0,12806.0
401,-79.42669000000001,43.706645,North York,Forest Hill North,4.0,2011.0,Other,2011-01-25T05:00:00.000Z,20.0,70920.0,12806.0
402,-79.54669,43.697045,Etobicoke York,Kingsview Village-The Westway,3.0,2012.0,Other,2012-01-26T05:00:00.000Z,9.0,60824.0,22000.0
403,-79.54289,43.688645,Etobicoke York,Kingsview Village-The Westway,21.0,2010.0,"Automobile, Station Wagon",2010-06-12T04:00:00.000Z,9.0,60824.0,22000.0
404,-79.53989,43.698545,Etobicoke York,Kingsview Village-The Westway,17.0,2011.0,Motorcycle,2011-08-07T04:00:00.000Z,11.0,60824.0,22000.0
405,-79.49949000000001,43.666945,Etobicoke York,Rockcliffe-Smythe,25.0,2008.0,Other,2008-06-18T04:00:00.000Z,9.0,54908.0,14974.0
406,-79.49319,43.670245,Etobicoke York,Rockcliffe-Smythe,33.0,2012.0,Motorcycle,2012-10-05T04:00:00.000Z,14.0,54908.0,14974.0
407,-79.48479,43.680644,Etobicoke York,Rockcliffe-Smythe,29.0,2013.0, ,2013-07-29T04:00:00.000Z,16.0,54908.0,14974.0
408,-79.489391,43.676943,Etobicoke York,Rockcliffe-Smythe,26.0,2012.0,Motorcycle,2012-08-23T04:00:00.000Z,16.0,54908.0,14974.0
409,-79.494518,43.676146,Etobicoke York,Rockcliffe-Smythe,28.0,2017.0,Bicycle,2017-06-30T04:00:00.000Z,13.0,54908.0,14974.0
410,-79.254787,43.706175,Scarborough,Birchcliffe-Cliffside,42.0,2018.0, ,2018-08-06T04:00:00.000Z,9.0,73216.0,29960.0
411,-79.251239,43.701213,Scarborough,Birchcliffe-Cliffside,15.0,2017.0, ,2017-04-06T04:00:00.000Z,14.0,73216.0,29960.0
412,-79.28029000000001,43.684645,Scarborough,Birchcliffe-Cliffside,21.0,2009.0,Other,2009-08-07T04:00:00.000Z,14.0,73216.0,29960.0
413,-79.27088499999999,43.687686,Scarborough,Birchcliffe-Cliffside,62.0,2017.0, ,2017-12-21T05:00:00.000Z,15.0,73216.0,29960.0
414,-79.25159000000001,43.703646,Scarborough,Birchcliffe-Cliffside,6.0,2013.0, ,2013-03-07T05:00:00.000Z,15.0,73216.0,29960.0
415,-79.280292,43.684645,Scarborough,Birchcliffe-Cliffside,22.0,2013.0, ,2013-07-18T04:00:00.000Z,18.0,73216.0,29960.0
416,-79.251254,43.706267,Scarborough,Birchcliffe-Cliffside,26.0,2017.0, ,2017-06-03T04:00:00.000Z,11.0,73216.0,29960.0
417,-79.410945,43.704074,Toronto and East York,Yonge-Eglinton,59.0,2015.0, ,2015-11-26T05:00:00.000Z,9.0,80896.0,11817.0
418,-79.40326999999999,43.707171,North York,Yonge-Eglinton,56.0,2017.0, ,2017-11-28T05:00:00.000Z,12.0,80896.0,11817.0
419,-79.40049,43.704245,Toronto and East York,Yonge-Eglinton,14.0,2012.0,Other,2012-05-11T04:00:00.000Z,12.0,80896.0,11817.0
420,-79.21779000000001,43.738145,Scarborough,Scarborough Village,47.0,2009.0,"Automobile, Station Wagon",2009-12-23T05:00:00.000Z,9.0,49568.0,16724.0
421,-79.219852,43.742971999999995,Scarborough,Scarborough Village,26.0,2014.0, ,2014-09-01T04:00:00.000Z,1.0,49568.0,16724.0
422,-79.21059,43.737845,Scarborough,Scarborough Village,6.0,2009.0,Other,2009-03-08T05:00:00.000Z,3.0,49568.0,16724.0
423,-79.219142,43.743716,Scarborough,Scarborough Village,56.0,2015.0, ,2015-11-18T05:00:00.000Z,17.0,49568.0,16724.0
424,-79.222949,43.742284999999995,Scarborough,Scarborough Village,28.0,2016.0, ,2016-04-25T04:00:00.000Z,21.0,49568.0,16724.0
425,-79.467212,43.751868,North York,Downsview-Roding-CFB,54.0,2013.0,Bicycle,2013-11-20T05:00:00.000Z,9.0,56053.0,65124.0
426,-79.52109,43.718145,Etobicoke York,Downsview-Roding-CFB,42.0,2008.0,"Automobile, Station Wagon",2008-09-28T04:00:00.000Z,5.0,56053.0,65124.0
427,-79.511264,43.731806,North York,Downsview-Roding-CFB,31.0,2016.0,Motorcycle,2016-05-17T04:00:00.000Z,14.0,56053.0,65124.0
428,-79.508113,43.719008,North York,Downsview-Roding-CFB,19.0,2018.0, ,2018-04-13T04:00:00.000Z,15.0,56053.0,65124.0
429,-79.488223,43.727903999999995,North York,Downsview-Roding-CFB,7.0,2018.0, ,2018-01-15T05:00:00.000Z,15.0,56053.0,65124.0
430,-79.499889,43.722663,North York,Downsview-Roding-CFB,18.0,2015.0,"Automobile, Station Wagon",2015-04-13T04:00:00.000Z,17.0,56053.0,65124.0
431,-79.51839,43.718745,Etobicoke York,Downsview-Roding-CFB,27.0,2008.0,Other,2008-06-24T04:00:00.000Z,22.0,56053.0,65124.0
432,-79.471462,43.72959,North York,Downsview-Roding-CFB,46.0,2015.0, ,2015-09-30T04:00:00.000Z,23.0,56053.0,65124.0
433,-79.46599,43.734645,North York,Downsview-Roding-CFB,37.0,2008.0,Other,2008-08-26T04:00:00.000Z,11.0,56053.0,65124.0
434,-79.50859,43.720945,North York,Downsview-Roding-CFB,30.0,2009.0,Other,2009-09-29T04:00:00.000Z,11.0,56053.0,65124.0
435,-79.49109200000001,43.724532,North York,Downsview-Roding-CFB,18.0,2018.0, ,2018-03-29T04:00:00.000Z,12.0,56053.0,65124.0
436,-79.39149,43.782045000000004,North York,Bayview Village,29.0,2012.0,Other,2012-09-10T04:00:00.000Z,9.0,67355.0,25797.0
437,-79.390872,43.779303000000006,North York,Bayview Village,25.0,2017.0, ,2017-05-31T04:00:00.000Z,9.0,67355.0,25797.0
438,-79.38309,43.767745,North York,Bayview Village,2.0,2009.0,Other,2009-01-06T05:00:00.000Z,13.0,67355.0,25797.0
439,-79.37889,43.779645,North York,Bayview Village,1.0,2012.0,Other,2012-01-12T05:00:00.000Z,21.0,67355.0,25797.0
440,-79.272052,43.742171,Scarborough,Ionview,46.0,2014.0,"Automobile, Station Wagon",2014-12-07T05:00:00.000Z,9.0,53177.0,29324.0
441,-79.267787,43.731745000000004,Scarborough,Ionview,48.0,2013.0, ,2013-10-20T04:00:00.000Z,0.0,53177.0,29324.0
442,-79.27509599999999,43.730475,Scarborough,Ionview,5.0,2018.0, ,2018-01-09T05:00:00.000Z,18.0,53177.0,29324.0
443,-79.26859,43.733845,Scarborough,Ionview,44.0,2012.0,Other,2012-12-20T05:00:00.000Z,20.0,53177.0,29324.0
444,-79.413997,43.789603,North York,Willowdale East,12.0,2016.0, ,2016-02-10T05:00:00.000Z,9.0,61725.0,66531.0
445,-79.413097,43.777663000000004,North York,Willowdale East,36.0,2018.0,"Automobile, Station Wagon",2018-07-25T04:00:00.000Z,0.0,61725.0,66531.0
446,-79.406253,43.762419,North York,Willowdale East,53.0,2018.0, ,2018-10-08T04:00:00.000Z,1.0,61725.0,66531.0
447,-79.41779,43.788945,North York,Willowdale East,10.0,2011.0,Other,2011-06-17T04:00:00.000Z,14.0,61725.0,66531.0
448,-79.41668299999999,43.784380999999996,North York,Willowdale East,19.0,2014.0, ,2014-08-07T04:00:00.000Z,16.0,61725.0,66531.0
449,-79.4192,43.794638,North York,Willowdale East,16.0,2015.0, ,2015-03-19T04:00:00.000Z,16.0,61725.0,66531.0
450,-79.415706,43.795355,North York,Willowdale East,61.0,2013.0, ,2013-12-04T05:00:00.000Z,18.0,61725.0,66531.0
451,-79.40909,43.765745,North York,Willowdale East,34.0,2010.0,Other,2010-10-07T04:00:00.000Z,20.0,61725.0,66531.0
452,-79.4099,43.788653000000004,North York,Willowdale East,25.0,2016.0,"Automobile, Station Wagon",2016-04-09T04:00:00.000Z,21.0,61725.0,66531.0
453,-79.40669,43.780545000000004,North York,Willowdale East,31.0,2013.0,Motorcycle,2013-08-15T04:00:00.000Z,22.0,61725.0,66531.0
454,-79.41639,43.783245,North York,Willowdale East,43.0,2008.0,Other,2008-10-02T04:00:00.000Z,10.0,61725.0,66531.0
455,-79.409702,43.781046999999994,North York,Willowdale East,17.0,2014.0,"Automobile, Station Wagon",2014-07-28T04:00:00.000Z,12.0,61725.0,66531.0
456,-79.397456,43.763236,North York,Willowdale East,11.0,2014.0, ,2014-06-03T04:00:00.000Z,12.0,61725.0,66531.0
457,-79.412891,43.769263,North York,Willowdale East,29.0,2015.0, ,2015-06-11T04:00:00.000Z,13.0,61725.0,66531.0
458,-79.30459,43.743245,Scarborough,Wexford/Maryvale,10.0,2010.0,"Automobile, Station Wagon",2010-02-15T05:00:00.000Z,0.0,62837.0,27917.0
459,-79.290637,43.735335,Scarborough,Wexford/Maryvale,32.0,2014.0,Bicycle,2014-10-09T04:00:00.000Z,14.0,62837.0,27917.0
460,-79.30449,43.760345,Scarborough,Wexford/Maryvale,28.0,2009.0,"Automobile, Station Wagon",2009-09-19T04:00:00.000Z,14.0,62837.0,27917.0
461,-79.29229000000001,43.767645,Scarborough,Wexford/Maryvale,39.0,2009.0,Other,2009-11-12T05:00:00.000Z,17.0,62837.0,27917.0
462,-79.30729000000001,43.742645,Scarborough,Wexford/Maryvale,33.0,2011.0,Other,2011-12-02T05:00:00.000Z,18.0,62837.0,27917.0
463,-79.303104,43.725833,Scarborough,Wexford/Maryvale,35.0,2014.0, ,2014-10-16T04:00:00.000Z,19.0,62837.0,27917.0
464,-79.30559000000001,43.731845,Scarborough,Wexford/Maryvale,26.0,2009.0,Other,2009-09-11T04:00:00.000Z,20.0,62837.0,27917.0
465,-79.30125699999999,43.763490999999995,Scarborough,Wexford/Maryvale,43.0,2017.0, ,2017-09-27T04:00:00.000Z,21.0,62837.0,27917.0
466,-79.30125699999999,43.763490999999995,Scarborough,Wexford/Maryvale,44.0,2017.0, ,2017-09-27T04:00:00.000Z,21.0,62837.0,27917.0
467,-79.292102,43.738906,Scarborough,Wexford/Maryvale,53.0,2017.0, ,2017-11-10T05:00:00.000Z,22.0,62837.0,27917.0
468,-79.312076,43.748763000000004,Scarborough,Wexford/Maryvale,36.0,2017.0,"Automobile, Station Wagon",2017-08-24T04:00:00.000Z,23.0,62837.0,27917.0
469,-79.311122,43.758727,Scarborough,Wexford/Maryvale,23.0,2017.0,"Automobile, Station Wagon",2017-05-16T04:00:00.000Z,11.0,62837.0,27917.0
470,-79.247493,43.755103000000005,Scarborough,Bendale,37.0,2016.0, ,2016-06-15T04:00:00.000Z,0.0,60292.0,23236.0
471,-79.244487,43.748545,Scarborough,Bendale,36.0,2013.0,Motorcycle,2013-08-30T04:00:00.000Z,15.0,60292.0,23236.0
472,-79.254108,43.750491,Scarborough,Bendale,71.0,2016.0, ,2016-11-10T05:00:00.000Z,17.0,60292.0,23236.0
473,-79.267612,43.758383,Scarborough,Bendale,63.0,2018.0, ,2018-12-04T05:00:00.000Z,19.0,60292.0,23236.0
474,-79.271098,43.767913,Scarborough,Bendale,44.0,2015.0, ,2015-09-20T04:00:00.000Z,20.0,60292.0,23236.0
475,-79.245387,43.755545,Scarborough,Bendale,20.0,2013.0, ,2013-07-05T04:00:00.000Z,22.0,60292.0,23236.0
476,-79.24839,43.763845,Scarborough,Bendale,41.0,2010.0,"Automobile, Station Wagon",2010-12-18T05:00:00.000Z,22.0,60292.0,23236.0
477,-79.245418,43.755538,Scarborough,Bendale,27.0,2015.0, ,2015-06-02T04:00:00.000Z,12.0,60292.0,23236.0
478,-79.542079,43.592673,Etobicoke York,Long Branch,3.0,2017.0,Delivery Van,2017-01-21T05:00:00.000Z,0.0,61536.0,10554.0
479,-79.54156,43.593039000000005,Etobicoke York,Long Branch,2.0,2016.0,"Automobile, Station Wagon",2016-01-08T05:00:00.000Z,5.0,61536.0,10554.0
480,-79.525653,43.599353,Etobicoke York,Long Branch,44.0,2018.0, ,2018-09-05T04:00:00.000Z,14.0,61536.0,10554.0
481,-79.53399,43.594345000000004,Etobicoke York,Long Branch,26.0,2008.0,Other,2008-06-11T04:00:00.000Z,20.0,61536.0,10554.0
482,-79.20591999999999,43.749583,Scarborough,Guildwood,58.0,2017.0, ,2017-12-17T05:00:00.000Z,0.0,87538.0,9917.0
483,-79.207637,43.747851000000004,Scarborough,Guildwood,48.0,2016.0, ,2016-07-29T04:00:00.000Z,18.0,87538.0,9917.0
484,-79.235263,43.757712,Scarborough,Woburn,38.0,2015.0, ,2015-08-16T04:00:00.000Z,0.0,58921.0,53485.0
485,-79.22939000000001,43.756845,Scarborough,Woburn,26.0,2010.0,Other,2010-07-18T04:00:00.000Z,1.0,58921.0,53485.0
486,-79.23769,43.768945,Scarborough,Woburn,4.0,2009.0,Other,2009-02-13T05:00:00.000Z,1.0,58921.0,53485.0
487,-79.23759,43.769045,Scarborough,Woburn,37.0,2010.0,"Automobile, Station Wagon",2010-12-05T05:00:00.000Z,4.0,58921.0,53485.0
488,-79.22932,43.756827,Scarborough,Woburn,14.0,2018.0, ,2018-03-02T05:00:00.000Z,19.0,58921.0,53485.0
489,-79.239131,43.767378,Scarborough,Woburn,41.0,2018.0,Motorcycle,2018-08-10T04:00:00.000Z,20.0,58921.0,53485.0
490,-79.215762,43.760802000000005,Scarborough,Woburn,32.0,2017.0, ,2017-07-22T04:00:00.000Z,23.0,58921.0,53485.0
491,-79.36584,43.671626,Toronto and East York,Cabbagetown-South St.James Town,20.0,2015.0,Motorcycle,2015-05-07T04:00:00.000Z,1.0,61184.0,17757.0
492,-79.360187,43.670146,Toronto and East York,Cabbagetown-South St.James Town,39.0,2013.0,Motorcycle,2013-09-07T04:00:00.000Z,2.0,61184.0,17757.0
493,-79.37829,43.666245,Toronto and East York,Cabbagetown-South St.James Town,11.0,2009.0,Other,2009-04-03T04:00:00.000Z,14.0,61184.0,17757.0
494,-79.36929,43.672945,Toronto and East York,Cabbagetown-South St.James Town,46.0,2009.0,Other,2009-12-17T05:00:00.000Z,19.0,61184.0,17757.0
495,-79.370654,43.671935,Toronto and East York,Cabbagetown-South St.James Town,74.0,2016.0, ,2016-11-28T05:00:00.000Z,21.0,61184.0,17757.0
500,-79.250186,43.741065,Scarborough,Eglinton East,5.0,2017.0,"Automobile, Station Wagon",2017-02-02T05:00:00.000Z,2.0,53081.0,28897.0
501,-79.24619,43.737045,Scarborough,Eglinton East,1.0,2009.0,Other,2009-01-01T05:00:00.000Z,2.0,53081.0,28897.0
502,-79.25879,43.736045000000004,Scarborough,Eglinton East,37.0,2009.0,Other,2009-11-03T05:00:00.000Z,14.0,53081.0,28897.0
503,-79.232578,43.741534,Scarborough,Eglinton East,62.0,2018.0, ,2018-11-25T05:00:00.000Z,17.0,53081.0,28897.0
504,-79.24369,43.737645,Scarborough,Eglinton East,1.0,2008.0,Other,2008-01-05T05:00:00.000Z,18.0,53081.0,28897.0
505,-79.24737900000001,43.735163,Scarborough,Eglinton East,21.0,2015.0, ,2015-05-13T04:00:00.000Z,22.0,53081.0,28897.0
506,-79.244701,43.737418,Scarborough,Eglinton East,57.0,2013.0, ,2013-11-24T05:00:00.000Z,10.0,53081.0,28897.0
507,-79.258769,43.736033,Scarborough,Eglinton East,38.0,2014.0, ,2014-11-06T05:00:00.000Z,12.0,53081.0,28897.0
508,-79.24239,43.737945,Scarborough,Eglinton East,29.0,2008.0,"Automobile, Station Wagon",2008-07-04T04:00:00.000Z,13.0,53081.0,28897.0
509,-79.422687,43.654345,Toronto and East York,Trinity-Bellwoods,14.0,2008.0,Other,2008-04-13T04:00:00.000Z,2.0,71812.0,10111.0
510,-79.412013,43.655574,Toronto and East York,Trinity-Bellwoods,45.0,2014.0, ,2014-11-27T05:00:00.000Z,14.0,71812.0,10111.0
511,-79.411594,43.651168,Toronto and East York,Trinity-Bellwoods,62.0,2013.0, ,2013-12-05T05:00:00.000Z,17.0,71812.0,10111.0
512,-79.409488,43.656096000000005,Toronto and East York,Trinity-Bellwoods,69.0,2016.0, ,2016-11-02T04:00:00.000Z,19.0,71812.0,10111.0
513,-79.422664,43.654326,Toronto and East York,Trinity-Bellwoods,60.0,2017.0,Bicycle,2017-12-20T05:00:00.000Z,11.0,71812.0,10111.0
522,-79.50246700000001,43.622645,Etobicoke York,Stonegate-Queensway,30.0,2015.0,"Automobile, Station Wagon",2015-06-13T04:00:00.000Z,3.0,85138.0,25051.0
523,-79.507747,43.648158,Etobicoke York,Stonegate-Queensway,70.0,2016.0, ,2016-11-06T04:00:00.000Z,11.0,85138.0,25051.0
526,-79.4864,43.653998,Toronto and East York,Runnymede-Bloor West Village,27.0,2016.0, ,2016-04-23T04:00:00.000Z,3.0,93586.0,111006.0
527,-79.49119,43.665745,Toronto and East York,Runnymede-Bloor West Village,25.0,2010.0,Other,2010-07-16T04:00:00.000Z,16.0,93586.0,111006.0
528,-79.49119,43.665745,Toronto and East York,Runnymede-Bloor West Village,24.0,2010.0,Other,2010-07-16T04:00:00.000Z,16.0,93586.0,111006.0
529,-79.46769,43.681845,Toronto and East York,Keelesdale-Eglinton West,34.0,2012.0,"Automobile, Station Wagon",2012-10-14T04:00:00.000Z,4.0,57780.0,11058.0
530,-79.48286800000001,43.688357,Etobicoke York,Keelesdale-Eglinton West,5.0,2016.0,"Automobile, Station Wagon",2016-01-06T05:00:00.000Z,14.0,57780.0,11058.0
531,-79.47280400000001,43.684897,Etobicoke York,Keelesdale-Eglinton West,53.0,2015.0, ,2015-10-23T04:00:00.000Z,14.0,57780.0,11058.0
532,-79.467433,43.688113,Etobicoke York,Keelesdale-Eglinton West,34.0,2016.0,"Automobile, Station Wagon",2016-05-30T04:00:00.000Z,17.0,57780.0,11058.0
533,-79.46649000000001,43.682045,Toronto and East York,Keelesdale-Eglinton West,5.0,2008.0,"Automobile, Station Wagon",2008-01-25T05:00:00.000Z,18.0,57780.0,11058.0
534,-79.472026,43.683169,Etobicoke York,Keelesdale-Eglinton West,47.0,2018.0,Motorcycle,2018-09-18T04:00:00.000Z,18.0,57780.0,11058.0
535,-79.49739,43.707345000000004,Etobicoke York,Rustic/Pelmo Park/Humberlea,13.0,2011.0,"Automobile, Station Wagon",2011-07-08T04:00:00.000Z,4.0,55839.0,20663.0
536,-79.53559,43.726445,Etobicoke York,Rustic/Pelmo Park/Humberlea,10.0,2008.0,Other,2008-02-29T05:00:00.000Z,15.0,55839.0,20663.0
537,-79.53559,43.726445,Etobicoke York,Rustic/Pelmo Park/Humberlea,9.0,2008.0,"Automobile, Station Wagon",2008-02-29T05:00:00.000Z,15.0,55839.0,20663.0
538,-79.52599000000001,43.703245,Etobicoke York,Weston,31.0,2010.0,"Automobile, Station Wagon",2010-09-15T04:00:00.000Z,4.0,45696.0,29090.0
539,-79.50589000000001,43.696745,Etobicoke York,Weston,49.0,2008.0,Other,2008-10-25T04:00:00.000Z,23.0,45696.0,29090.0
540,-79.52009,43.667145,Etobicoke York,Edenbridge-Humber Valley,21.0,2011.0,"Automobile, Station Wagon",2011-08-22T04:00:00.000Z,5.0,84113.0,41170.0
541,-79.52972,43.68162,Etobicoke York,Edenbridge-Humber Valley,3.0,2018.0,"Automobile, Station Wagon",2018-01-07T05:00:00.000Z,18.0,84113.0,41170.0
542,-79.517581,43.661376000000004,Etobicoke York,Edenbridge-Humber Valley,47.0,2016.0,Motorcycle,2016-07-22T04:00:00.000Z,19.0,84113.0,41170.0
543,-79.37689,43.672345,Toronto and East York,North St.James Town,31.0,2009.0,Other,2009-10-02T04:00:00.000Z,14.0,41016.0,18675.0
544,-79.37889399999999,43.667636,Toronto and East York,North St.James Town,12.0,2017.0, ,2017-03-18T04:00:00.000Z,19.0,41016.0,18675.0
552,-79.267925,43.732192,Scarborough,Kennedy Park,44.0,2016.0, ,2016-06-06T04:00:00.000Z,14.0,51028.0,17123.0
553,-79.257442,43.720403999999995,Scarborough,Kennedy Park,4.0,2015.0, ,2015-02-05T05:00:00.000Z,17.0,51028.0,17123.0
554,-79.260188,43.734049,Scarborough,Kennedy Park,59.0,2016.0, ,2016-10-02T04:00:00.000Z,19.0,51028.0,17123.0
555,-79.24899,43.736445,Scarborough,Kennedy Park,21.0,2012.0,Other,2012-07-13T04:00:00.000Z,21.0,51028.0,17123.0
556,-79.260021,43.734023,Scarborough,Kennedy Park,30.0,2017.0, ,2017-07-18T04:00:00.000Z,10.0,51028.0,17123.0
557,-79.25435999999999,43.735331,Scarborough,Kennedy Park,60.0,2016.0, ,2016-10-02T04:00:00.000Z,10.0,51028.0,17123.0
558,-79.258098,43.734519,Scarborough,Kennedy Park,63.0,2016.0, ,2016-10-12T04:00:00.000Z,11.0,51028.0,17123.0
559,-79.396922,43.687509999999996,Toronto and East York,Yonge-St.Clair,53.0,2013.0, ,2013-11-15T05:00:00.000Z,14.0,80136.0,12528.0
560,-79.396793,43.687525,Toronto and East York,Yonge-St.Clair,28.0,2014.0, ,2014-09-18T04:00:00.000Z,20.0,80136.0,12528.0
561,-79.39979,43.686945,Toronto and East York,Yonge-St.Clair,14.0,2009.0,Other,2009-05-01T04:00:00.000Z,12.0,80136.0,12528.0
562,-79.452075,43.702281,North York,Briar Hill-Belgravia,31.0,2018.0, ,2018-06-11T04:00:00.000Z,15.0,60899.0,21737.0
563,-79.451724,43.700686,North York,Briar Hill-Belgravia,55.0,2018.0, ,2018-09-20T04:00:00.000Z,16.0,60899.0,21737.0
564,-79.53139,43.604745,Etobicoke York,Alderwood,13.0,2010.0,Other,2010-03-02T05:00:00.000Z,16.0,83249.0,12054.0
565,-79.55511,43.725997,Etobicoke York,Elms-Old Rexdale,31.0,2014.0,Motorcycle,2014-10-01T04:00:00.000Z,16.0,59576.0,22776.0
566,-79.325069,43.705802,Toronto and East York,O'Connor-Parkview,55.0,2013.0,Other,2013-11-03T04:00:00.000Z,16.0,59729.0,17180.0
567,-79.497989,43.602343,Etobicoke York,New Toronto,41.0,2013.0,Bicycle,2013-09-18T04:00:00.000Z,16.0,50891.0,18615.0
568,-79.504077,43.600909,Etobicoke York,New Toronto,45.0,2018.0,Other,2018-09-11T04:00:00.000Z,17.0,50891.0,18615.0
569,-79.51075300000001,43.602278000000005,Etobicoke York,New Toronto,46.0,2016.0,"Automobile, Station Wagon",2016-07-12T04:00:00.000Z,17.0,50891.0,18615.0
570,-79.512874,43.599005,Etobicoke York,New Toronto,23.0,2018.0, ,2018-05-15T04:00:00.000Z,22.0,50891.0,18615.0
571,-79.521175,43.599963,Etobicoke York,New Toronto,9.0,2016.0,"Automobile, Station Wagon",2016-02-01T05:00:00.000Z,10.0,50891.0,18615.0
572,-79.50639,43.600445,Etobicoke York,New Toronto,18.0,2011.0,Other,2011-08-02T04:00:00.000Z,12.0,50891.0,18615.0
573,-79.448695,43.76113,North York,Bathurst Manor,45.0,2015.0, ,2015-09-05T04:00:00.000Z,16.0,69634.0,36961.0
574,-79.446689,43.756312,North York,Bathurst Manor,40.0,2017.0, ,2017-09-05T04:00:00.000Z,18.0,69634.0,36961.0
575,-79.42839000000001,43.682945000000004,Toronto and East York,Humewood-Cedarvale,38.0,2010.0,Other,2010-11-26T05:00:00.000Z,17.0,61110.0,14365.0
576,-79.427036,43.700666999999996,Toronto and East York,Humewood-Cedarvale,61.0,2016.0, ,2016-09-30T04:00:00.000Z,19.0,61110.0,14365.0
577,-79.42775300000001,43.700518,Toronto and East York,Humewood-Cedarvale,50.0,2013.0, ,2013-10-30T04:00:00.000Z,10.0,61110.0,14365.0
578,-79.427661,43.681227,Toronto and East York,Wychwood,78.0,2016.0, ,2016-09-21T04:00:00.000Z,17.0,66089.0,14349.0
579,-79.428859,43.681033,Toronto and East York,Wychwood,14.0,2015.0, ,2015-03-20T04:00:00.000Z,20.0,66089.0,14349.0
580,-79.430972,43.674712,Toronto and East York,Wychwood,64.0,2016.0, ,2016-10-12T04:00:00.000Z,11.0,66089.0,14349.0
581,-79.495136,43.685427000000004,Etobicoke York,Mount Dennis,59.0,2017.0, ,2017-12-18T05:00:00.000Z,17.0,52162.0,32954.0
582,-79.50099,43.691545,Etobicoke York,Mount Dennis,9.0,2012.0,Other,2012-03-21T04:00:00.000Z,22.0,52162.0,32954.0
583,-79.31159,43.693645000000004,Toronto and East York,Woodbine-Lumsden,46.0,2008.0,Other,2008-10-17T04:00:00.000Z,17.0,74608.0,7865.0
584,-79.315616,43.696753,Toronto and East York,Woodbine-Lumsden,75.0,2016.0, ,2016-12-01T05:00:00.000Z,13.0,74608.0,7865.0
585,-79.443141,43.716181,North York,Englemount-Lawrence,61.0,2018.0, ,2018-11-20T05:00:00.000Z,18.0,58003.0,9456.0
586,-79.443202,43.716307,North York,Englemount-Lawrence,34.0,2014.0, ,2014-10-11T04:00:00.000Z,10.0,58003.0,9456.0
587,-79.541393,43.685214,Etobicoke York,Willowridge-Martingrove-Richview,50.0,2015.0, ,2015-10-10T04:00:00.000Z,19.0,71584.0,22156.0
588,-79.56499000000001,43.684345,Etobicoke York,Willowridge-Martingrove-Richview,2.0,2008.0,Other,2008-01-05T05:00:00.000Z,19.0,71584.0,22156.0
589,-79.55945899999999,43.69047,Etobicoke York,Willowridge-Martingrove-Richview,24.0,2015.0,"Automobile, Station Wagon",2015-05-27T04:00:00.000Z,21.0,71584.0,22156.0
590,-79.455066,43.771440999999996,North York,Westminster-Branson,45.0,2013.0, ,2013-10-05T04:00:00.000Z,19.0,54101.0,26274.0
591,-79.44669,43.788245,North York,Westminster-Branson,8.0,2008.0,Other,2008-02-24T05:00:00.000Z,21.0,54101.0,26274.0
592,-79.46399,43.788445,North York,Westminster-Branson,30.0,2008.0,"Automobile, Station Wagon",2008-07-11T04:00:00.000Z,21.0,54101.0,26274.0
593,-79.44589,43.792345000000005,North York,Westminster-Branson,11.0,2011.0,Other,2011-06-29T04:00:00.000Z,11.0,54101.0,26274.0
594,-79.45302099999999,43.790801,North York,Westminster-Branson,39.0,2015.0, ,2015-08-24T04:00:00.000Z,13.0,54101.0,26274.0
595,-79.35718100000001,43.682852000000004,Toronto and East York,Broadview North,42.0,2017.0, ,2017-09-20T04:00:00.000Z,19.0,52731.0,14257.0
596,-79.36239,43.682345,Toronto and East York,Broadview North,31.0,2011.0,"Automobile, Station Wagon",2011-11-10T05:00:00.000Z,11.0,52731.0,14257.0
597,-79.41219,43.677645,Toronto and East York,Casa Loma,32.0,2008.0,Other,2008-07-13T04:00:00.000Z,20.0,93022.0,31165.0
598,-79.41469000000001,43.673945,Toronto and East York,Casa Loma,42.0,2010.0,Other,2010-12-23T05:00:00.000Z,20.0,93022.0,31165.0
599,-79.58357600000001,43.660464000000005,Etobicoke York,Eringate-Centennial-West Deane,8.0,2014.0,Motorcycle,2014-05-08T04:00:00.000Z,21.0,88872.0,22372.0
600,-79.56319,43.674445,Etobicoke York,Eringate-Centennial-West Deane,2.0,2010.0,Other,2010-01-12T05:00:00.000Z,12.0,88872.0,22372.0
601,-79.438091,43.640776,Toronto and East York,Roncesvalles,15.0,2016.0, ,2016-02-18T05:00:00.000Z,22.0,63130.0,20923.0
602,-79.45179,43.653845000000004,Toronto and East York,Roncesvalles,3.0,2010.0,Other,2010-01-12T05:00:00.000Z,13.0,63130.0,20923.0
603,-79.449046,43.646327,Toronto and East York,Roncesvalles,13.0,2009.0,Other,2009-04-20T04:00:00.000Z,13.0,63130.0,20923.0
604,-79.479564,43.715346000000004,Etobicoke York,Maple Leaf,37.0,2015.0,"Automobile, Station Wagon",2015-08-04T04:00:00.000Z,11.0,62976.0,33964.0
606,-79.341022,43.756446000000004,North York,Parkwoods-Donalda,62.0,2016.0, ,2016-10-11T04:00:00.000Z,11.0,65126.0,10529.0
607,-79.331226,43.775088000000004,North York,Henry Farm,2.0,2014.0,Passenger Van,2014-01-26T05:00:00.000Z,13.0,56644.0,15723.0
608,-79.337749,43.77582,North York,Henry Farm,47.0,2014.0, ,2014-12-12T05:00:00.000Z,13.0,56644.0,15723.0
609,-79.32359,43.683345,Toronto and East York,Woodbine Corridor,33.0,2008.0,Other,2008-07-14T04:00:00.000Z,13.0,72792.0,12541.0
